Draw Date,Mega Ball,Multiplier,N1,N2,N3,N4,N5
2024-04-16,2,4.0,21,26,36,44,59
2024-04-12,16,2.0,01,12,14,18,66
2024-04-09,25,4.0,34,43,51,52,69
2024-04-05,14,3.0,20,30,54,63,65
2024-04-02,19,3.0,10,50,56,60,66
2024-03-29,16,4.0,11,30,33,38,60
2024-03-26,4,2.0,07,11,22,29,38
2024-03-22,16,3.0,03,08,31,35,44
2024-03-19,7,2.0,24,46,49,62,66
2024-03-15,6,5.0,13,25,50,51,66
2024-03-12,24,3.0,02,16,31,57,64
2024-03-08,1,3.0,19,20,22,47,58
2024-03-05,14,2.0,02,49,50,61,70
2024-03-01,24,4.0,15,33,37,55,61
2024-02-27,4,3.0,06,18,26,27,49
2024-02-23,11,5.0,04,06,40,41,60
2024-02-20,7,2.0,05,45,55,58,68
2024-02-16,18,4.0,19,23,39,42,67
2024-02-13,20,3.0,01,03,19,25,58
2024-02-09,1,3.0,17,22,29,46,69
2024-02-06,10,4.0,02,10,31,44,57
2024-02-02,18,3.0,11,22,42,64,69
2024-01-30,11,4.0,03,05,16,58,59
2024-01-26,13,3.0,14,31,34,50,61
2024-01-23,20,2.0,21,28,58,69,70
2024-01-19,17,2.0,01,09,16,17,30
2024-01-16,13,2.0,02,10,42,49,54
2024-01-12,7,3.0,19,34,35,45,67
2024-01-09,24,3.0,12,15,32,33,53
2024-01-05,25,3.0,05,23,26,38,44
2024-01-02,1,2.0,03,18,27,29,64
2023-12-29,10,3.0,11,27,30,62,70
2023-12-26,21,3.0,08,10,22,58,64
2023-12-22,4,4.0,10,26,36,54,69
2023-12-19,11,3.0,17,26,50,58,61
2023-12-15,12,2.0,10,20,28,40,54
2023-12-12,3,4.0,08,23,44,45,53
2023-12-08,13,3.0,21,26,53,66,70
2023-12-05,18,4.0,18,35,40,64,67
2023-12-01,12,4.0,12,47,49,52,65
2023-11-28,11,3.0,27,37,42,59,61
2023-11-24,1,4.0,06,15,45,59,68
2023-11-21,24,4.0,17,22,25,30,38
2023-11-17,17,3.0,06,12,31,33,69
2023-11-14,22,4.0,29,35,59,61,69
2023-11-10,8,3.0,13,33,59,68,70
2023-11-07,20,2.0,03,11,33,42,52
2023-11-03,12,4.0,15,32,38,47,65
2023-10-31,15,3.0,14,35,37,55,70
2023-10-27,6,4.0,11,32,43,57,70
2023-10-24,7,3.0,16,20,30,54,59
2023-10-20,22,4.0,07,29,36,49,61
2023-10-17,20,4.0,05,06,29,32,61
2023-10-13,18,3.0,06,18,44,46,68
2023-10-10,7,4.0,03,08,17,46,63
2023-10-06,22,3.0,12,24,46,57,66
2023-10-03,24,3.0,03,19,32,39,59
2023-09-29,11,4.0,18,40,47,55,64
2023-09-26,16,4.0,15,30,35,42,60
2023-09-22,3,2.0,10,13,14,57,66
2023-09-19,24,2.0,06,09,13,29,66
2023-09-15,25,3.0,05,13,29,50,53
2023-09-12,18,5.0,02,14,21,42,67
2023-09-08,1,3.0,03,12,17,51,62
2023-09-05,13,2.0,03,43,50,51,65
2023-09-01,8,2.0,10,31,42,43,55
2023-08-29,25,3.0,09,39,52,61,63
2023-08-25,2,2.0,12,23,26,31,38
2023-08-22,7,2.0,01,12,26,36,50
2023-08-18,11,3.0,10,20,29,44,66
2023-08-15,7,3.0,18,39,42,57,63
2023-08-11,18,3.0,08,09,18,35,41
2023-08-08,14,2.0,13,19,20,32,33
2023-08-04,20,2.0,11,30,45,52,56
2023-08-01,12,4.0,08,24,30,45,61
2023-07-28,18,5.0,05,10,28,52,63
2023-07-25,25,4.0,03,05,06,44,61
2023-07-21,25,2.0,29,40,47,50,57
2023-07-18,18,4.0,19,22,31,37,54
2023-07-14,15,2.0,10,24,48,51,66
2023-07-11,5,2.0,10,17,33,51,64
2023-07-07,3,3.0,08,10,17,55,66
2023-07-04,12,3.0,21,33,54,61,67
2023-06-30,9,3.0,13,22,47,51,55
2023-06-27,12,4.0,08,34,35,41,52
2023-06-23,14,5.0,13,62,65,67,69
2023-06-20,21,4.0,06,37,39,45,46
2023-06-16,19,3.0,04,24,34,45,57
2023-06-13,4,4.0,08,10,19,44,47
2023-06-09,13,3.0,03,19,53,60,68
2023-06-06,4,2.0,06,12,23,29,57
2023-06-02,25,2.0,03,16,19,36,60
2023-05-30,21,2.0,13,16,40,64,68
2023-05-26,1,3.0,12,20,37,41,64
2023-05-23,19,2.0,03,10,22,65,66
2023-05-19,14,2.0,05,11,41,44,55
2023-05-16,17,3.0,15,34,36,69,70
2023-05-12,15,3.0,01,02,23,40,45
2023-05-09,19,3.0,04,37,46,48,51
2023-05-05,11,3.0,16,18,28,42,43
2023-05-02,9,2.0,03,15,16,32,41
2023-04-28,20,3.0,18,38,53,62,64
2023-04-25,12,2.0,08,29,46,47,48
2023-04-21,9,3.0,03,21,29,46,63
2023-04-18,4,2.0,07,09,15,19,25
2023-04-14,22,2.0,23,27,41,48,51
2023-04-11,24,3.0,31,35,53,54,55
2023-04-07,21,2.0,12,32,49,51,66
2023-04-04,4,3.0,01,37,45,62,64
2023-03-31,23,4.0,16,26,27,42,61
2023-03-28,24,4.0,02,03,18,32,68
2023-03-24,15,3.0,14,17,33,42,66
2023-03-21,11,2.0,01,21,25,27,40
2023-03-17,25,3.0,26,28,29,39,49
2023-03-14,2,3.0,01,07,23,38,55
2023-03-10,5,2.0,09,20,59,60,63
2023-03-07,21,4.0,15,22,25,28,69
2023-03-03,11,4.0,08,25,36,39,67
2023-02-28,13,2.0,14,16,40,52,59
2023-02-24,7,4.0,02,22,49,65,67
2023-02-21,24,2.0,02,15,30,36,63
2023-02-17,13,3.0,02,33,38,57,70
2023-02-14,1,3.0,23,24,35,40,43
2023-02-10,19,3.0,20,29,30,52,58
2023-02-07,4,2.0,09,15,46,55,57
2023-02-03,17,2.0,01,04,50,54,59
2023-01-31,13,4.0,07,09,18,29,39
2023-01-27,22,4.0,04,43,46,47,61
2023-01-24,20,4.0,33,41,47,50,62
2023-01-20,17,4.0,20,29,31,64,66
2023-01-17,18,3.0,02,12,18,24,39
2023-01-13,14,2.0,30,43,45,46,61
2023-01-10,9,3.0,07,13,14,15,18
2023-01-06,13,3.0,03,20,46,59,63
2023-01-03,18,4.0,25,29,33,41,44
2022-12-30,7,3.0,01,03,06,44,51
2022-12-27,11,2.0,09,13,36,59,61
2022-12-23,8,4.0,15,21,32,38,62
2022-12-20,17,4.0,03,04,33,36,52
2022-12-16,11,3.0,08,35,40,53,56
2022-12-13,6,2.0,14,22,48,58,68
2022-12-09,19,4.0,08,19,53,61,69
2022-12-06,13,3.0,15,16,19,28,47
2022-12-02,16,3.0,01,21,36,46,52
2022-11-29,6,4.0,20,23,37,46,52
2022-11-25,18,2.0,29,31,46,54,67
2022-11-22,2,3.0,13,23,24,25,43
2022-11-18,9,4.0,02,14,16,38,66
2022-11-15,18,2.0,06,19,28,46,61
2022-11-11,22,3.0,01,05,17,37,70
2022-11-08,23,4.0,05,13,29,38,59
2022-11-04,19,2.0,02,20,47,55,59
2022-11-01,25,3.0,05,09,15,16,17
2022-10-28,7,2.0,04,18,31,53,69
2022-10-25,21,3.0,21,30,35,45,66
2022-10-21,22,2.0,34,36,43,45,68
2022-10-18,23,3.0,01,15,20,44,67
2022-10-14,19,2.0,09,22,26,41,44
2022-10-11,1,3.0,03,07,11,13,38
2022-10-07,21,2.0,06,11,29,36,55
2022-10-04,25,2.0,15,18,25,33,38
2022-09-30,6,4.0,16,26,37,40,51
2022-09-27,9,3.0,08,14,24,43,51
2022-09-23,22,4.0,05,50,53,58,64
2022-09-20,10,5.0,09,21,28,30,52
2022-09-16,12,4.0,15,30,35,38,66
2022-09-13,21,4.0,14,25,38,59,64
2022-09-09,22,2.0,16,21,54,55,69
2022-09-06,2,4.0,06,17,46,59,68
2022-09-02,20,2.0,39,40,52,60,67
2022-08-30,17,3.0,02,38,55,57,65
2022-08-26,23,2.0,06,27,30,38,64
2022-08-23,7,2.0,03,05,47,48,67
2022-08-19,3,4.0,12,18,24,46,65
2022-08-16,1,2.0,33,35,41,45,51
2022-08-12,3,3.0,23,24,50,54,64
2022-08-09,13,3.0,01,08,10,25,32
2022-08-05,18,3.0,02,05,29,64,69
2022-08-02,14,3.0,10,14,25,37,63
2022-07-29,14,2.0,13,36,45,57,67
2022-07-26,15,3.0,07,29,60,63,66
2022-07-22,16,3.0,14,40,60,64,66
2022-07-19,25,3.0,02,31,32,37,70
2022-07-15,15,5.0,08,20,26,53,64
2022-07-12,12,2.0,04,07,10,45,64
2022-07-08,20,3.0,20,36,61,62,69
2022-07-05,21,4.0,27,31,50,51,61
2022-07-01,12,3.0,01,27,29,38,62
2022-06-28,11,2.0,07,12,21,43,55
2022-06-24,14,2.0,01,07,11,25,56
2022-06-21,20,3.0,08,13,18,32,42
2022-06-17,16,2.0,20,36,53,56,69
2022-06-14,22,2.0,30,37,38,42,58
2022-06-10,4,5.0,03,12,14,18,32
2022-06-07,3,4.0,04,34,40,41,53
2022-06-03,11,4.0,11,16,22,48,59
2022-05-31,24,4.0,06,15,41,63,64
2022-05-27,8,3.0,03,14,40,53,54
2022-05-24,25,3.0,03,05,06,63,68
2022-05-20,22,3.0,33,40,59,60,69
2022-05-17,24,4.0,07,21,24,41,65
2022-05-13,13,3.0,11,41,43,44,65
2022-05-10,6,3.0,15,19,20,61,70
2022-05-06,10,2.0,16,21,33,52,70
2022-05-03,17,2.0,15,19,27,35,57
2022-04-29,15,2.0,09,11,34,49,66
2022-04-26,2,4.0,05,07,19,46,69
2022-04-22,10,3.0,07,28,29,58,59
2022-04-19,24,3.0,02,09,33,47,53
2022-04-15,23,4.0,04,17,20,46,64
2022-04-12,17,2.0,02,08,14,20,31
2022-04-08,2,3.0,08,11,29,32,40
2022-04-05,18,2.0,22,43,60,63,64
2022-04-01,21,5.0,26,42,47,48,63
2022-03-29,12,2.0,07,22,36,45,47
2022-03-25,17,2.0,03,13,42,51,58
2022-03-22,8,3.0,08,15,21,27,61
2022-03-18,5,4.0,02,06,25,40,45
2022-03-15,24,5.0,09,14,28,59,60
2022-03-11,25,3.0,24,28,39,44,66
2022-03-08,24,3.0,07,18,38,58,64
2022-03-04,5,4.0,11,19,28,46,47
2022-03-01,18,2.0,18,22,38,39,50
2022-02-25,4,3.0,15,31,40,56,66
2022-02-22,3,3.0,06,17,22,57,62
2022-02-18,17,4.0,06,11,50,63,68
2022-02-15,19,3.0,02,04,15,21,63
2022-02-11,24,3.0,11,16,23,24,30
2022-02-08,2,3.0,01,17,20,52,54
2022-02-04,24,4.0,07,16,34,44,61
2022-02-01,1,4.0,11,24,38,62,66
2022-01-28,13,3.0,03,16,25,44,55
2022-01-25,13,3.0,03,12,38,53,58
2022-01-21,18,2.0,38,45,46,55,67
2022-01-18,9,4.0,04,19,39,42,52
2022-01-14,25,2.0,05,08,13,22,48
2022-01-11,16,2.0,02,03,19,52,58
2022-01-07,6,3.0,07,29,43,56,57
2022-01-04,1,3.0,04,06,16,21,22
2021-12-31,8,3.0,02,05,30,46,61
2021-12-28,4,3.0,03,05,08,31,38
2021-12-24,16,2.0,16,17,25,36,37
2021-12-21,24,3.0,25,31,58,64,67
2021-12-17,10,3.0,21,32,38,48,62
2021-12-14,20,3.0,33,35,44,55,69
2021-12-10,8,2.0,23,25,40,42,60
2021-12-07,1,2.0,01,07,40,43,68
2021-12-03,13,5.0,22,45,48,58,61
2021-11-30,17,2.0,07,08,26,30,39
2021-11-26,2,2.0,07,27,37,42,59
2021-11-23,6,3.0,07,24,54,57,58
2021-11-19,18,5.0,05,23,52,53,59
2021-11-16,3,3.0,06,22,44,53,65
2021-11-12,15,2.0,30,32,42,46,48
2021-11-09,14,3.0,09,14,16,26,49
2021-11-05,18,2.0,10,15,20,66,68
2021-11-02,9,2.0,05,10,26,58,65
2021-10-29,4,3.0,15,26,28,35,45
2021-10-26,9,4.0,06,14,19,56,62
2021-10-22,22,3.0,09,14,26,29,66
2021-10-19,1,3.0,03,12,13,19,52
2021-10-15,18,3.0,03,20,31,34,65
2021-10-12,4,3.0,21,26,56,61,65
2021-10-08,22,5.0,21,24,36,40,70
2021-10-05,4,3.0,07,11,18,30,36
2021-10-01,6,2.0,21,25,36,62,63
2021-09-28,22,4.0,18,30,43,68,69
2021-09-24,15,3.0,17,21,27,43,56
2021-09-21,13,3.0,36,41,45,51,56
2021-09-17,18,3.0,17,32,40,59,61
2021-09-14,16,2.0,04,13,19,63,64
2021-09-10,18,2.0,20,32,35,47,64
2021-09-07,12,3.0,15,17,25,32,53
2021-09-03,3,2.0,07,10,12,61,65
2021-08-31,15,3.0,08,14,31,58,68
2021-08-27,23,3.0,01,10,44,47,56
2021-08-24,19,2.0,17,18,26,52,67
2021-08-20,1,2.0,41,43,51,57,70
2021-08-17,24,3.0,03,06,16,38,56
2021-08-13,11,2.0,17,21,35,40,53
2021-08-10,12,2.0,29,45,50,59,62
2021-08-06,9,2.0,09,18,40,46,69
2021-08-03,24,2.0,01,09,17,27,34
2021-07-30,10,3.0,19,26,31,52,68
2021-07-27,11,3.0,02,35,36,54,64
2021-07-23,17,3.0,13,17,19,40,69
2021-07-20,10,2.0,10,26,30,52,57
2021-07-16,24,4.0,24,25,47,52,57
2021-07-13,24,2.0,03,10,17,26,55
2021-07-09,17,2.0,06,37,39,41,46
2021-07-06,14,3.0,18,47,63,68,69
2021-07-02,19,2.0,08,31,32,34,45
2021-06-29,21,3.0,07,38,50,52,69
2021-06-25,12,4.0,17,20,42,45,65
2021-06-22,25,4.0,01,26,48,51,59
2021-06-18,18,2.0,14,36,44,46,53
2021-06-15,11,4.0,18,22,27,38,52
2021-06-11,13,4.0,04,43,56,63,68
2021-06-08,19,3.0,09,22,39,41,54
2021-06-04,8,3.0,04,30,34,41,64
2021-06-01,23,2.0,07,11,33,58,63
2021-05-28,15,2.0,10,14,20,47,70
2021-05-25,11,3.0,14,21,31,34,54
2021-05-21,8,3.0,06,09,17,18,48
2021-05-18,4,2.0,03,05,56,61,66
2021-05-14,3,2.0,03,18,41,44,68
2021-05-11,22,3.0,07,08,20,36,39
2021-05-07,10,4.0,05,10,19,21,50
2021-05-04,22,3.0,04,27,32,57,63
2021-04-30,5,3.0,08,19,26,48,49
2021-04-27,25,4.0,15,22,30,41,42
2021-04-23,25,3.0,04,28,29,30,60
2021-04-20,5,3.0,06,23,43,49,52
2021-04-16,25,4.0,17,27,28,50,55
2021-04-13,9,4.0,10,15,19,45,68
2021-04-09,12,2.0,22,26,27,58,66
2021-04-06,17,3.0,01,19,20,32,42
2021-04-02,19,2.0,10,42,48,53,62
2021-03-30,15,3.0,11,37,47,53,56
2021-03-26,15,3.0,04,25,37,46,67
2021-03-23,11,2.0,12,23,35,38,55
2021-03-19,8,3.0,09,14,40,58,69
2021-03-16,8,2.0,10,41,46,52,69
2021-03-12,18,4.0,02,24,25,31,65
2021-03-09,13,2.0,04,33,46,58,65
2021-03-05,20,2.0,10,11,17,27,54
2021-03-02,18,2.0,04,08,13,34,64
2021-02-26,5,2.0,11,15,37,62,64
2021-02-23,15,3.0,05,07,09,20,57
2021-02-19,4,4.0,27,32,47,50,53
2021-02-16,10,3.0,01,36,44,54,66
2021-02-12,14,3.0,05,14,24,25,27
2021-02-09,9,4.0,07,18,21,31,40
2021-02-05,2,4.0,14,17,28,29,44
2021-02-02,10,2.0,13,37,38,40,67
2021-01-29,3,3.0,04,44,58,59,70
2021-01-26,24,3.0,29,49,56,66,67
2021-01-22,24,2.0,04,26,42,50,60
2021-01-19,16,2.0,10,19,26,28,50
2021-01-15,15,4.0,03,11,12,38,43
2021-01-12,9,2.0,12,14,26,28,33
2021-01-08,11,2.0,03,06,16,18,58
2021-01-05,4,2.0,20,43,51,55,57
2021-01-01,7,5.0,08,24,53,68,69
2020-12-29,19,3.0,01,31,35,48,62
2020-12-25,19,2.0,17,23,36,69,70
2020-12-22,21,2.0,29,53,56,59,67
2020-12-18,5,3.0,07,15,25,51,60
2020-12-15,15,2.0,01,10,18,20,46
2020-12-11,25,4.0,19,31,37,55,67
2020-12-08,25,3.0,15,19,33,39,68
2020-12-04,8,3.0,03,19,24,44,50
2020-12-01,14,2.0,07,33,53,61,65
2020-11-27,10,2.0,04,10,27,35,58
2020-11-24,6,2.0,09,15,34,61,64
2020-11-20,17,3.0,26,33,45,61,68
2020-11-17,16,3.0,08,13,35,46,68
2020-11-13,7,2.0,06,07,14,28,59
2020-11-10,13,5.0,23,45,53,58,62
2020-11-06,2,2.0,18,24,27,34,60
2020-11-03,19,3.0,07,31,44,45,55
2020-10-30,11,2.0,14,19,34,39,59
2020-10-27,1,3.0,06,13,34,46,62
2020-10-23,22,2.0,18,34,44,60,69
2020-10-20,10,3.0,46,54,57,58,66
2020-10-16,12,5.0,27,32,50,52,57
2020-10-13,25,2.0,11,44,45,46,70
2020-10-09,13,2.0,05,11,25,27,64
2020-10-06,17,3.0,15,16,18,39,59
2020-10-02,25,2.0,09,38,47,49,68
2020-09-29,19,3.0,14,39,43,44,67
2020-09-25,16,2.0,20,36,37,48,67
2020-09-22,12,4.0,36,43,44,55,68
2020-09-18,11,3.0,26,29,41,52,64
2020-09-15,22,4.0,25,28,38,59,62
2020-09-11,13,2.0,03,15,42,48,56
2020-09-08,21,2.0,07,10,15,31,57
2020-09-04,25,3.0,19,22,24,28,53
2020-09-01,22,4.0,15,25,26,38,47
2020-08-28,1,3.0,03,09,50,53,64
2020-08-25,12,3.0,08,10,15,17,57
2020-08-21,14,2.0,11,15,31,42,63
2020-08-18,23,4.0,04,18,26,27,58
2020-08-14,13,2.0,03,24,29,42,47
2020-08-11,9,4.0,08,22,29,43,56
2020-08-07,3,2.0,04,44,53,64,70
2020-08-04,20,3.0,02,22,30,42,62
2020-07-31,23,2.0,12,35,46,48,69
2020-07-28,19,4.0,17,20,27,31,34
2020-07-24,17,3.0,08,33,39,54,58
2020-07-21,15,3.0,14,25,26,41,43
2020-07-17,21,3.0,12,13,21,46,57
2020-07-14,22,4.0,06,26,55,56,64
2020-07-10,22,5.0,10,15,20,49,53
2020-07-07,18,3.0,16,20,25,30,43
2020-07-03,24,2.0,20,40,44,45,50
2020-06-30,11,2.0,09,16,29,37,53
2020-06-26,6,2.0,19,33,37,56,57
2020-06-23,15,3.0,06,20,37,40,48
2020-06-19,7,2.0,11,34,36,52,66
2020-06-16,6,3.0,21,23,33,35,42
2020-06-12,2,3.0,09,14,57,67,70
2020-06-09,22,2.0,01,05,09,10,23
2020-06-05,22,3.0,32,35,37,47,55
2020-06-02,8,3.0,09,20,23,26,29
2020-05-29,3,2.0,10,13,32,41,51
2020-05-26,4,3.0,34,52,58,59,62
2020-05-22,18,4.0,08,10,20,44,46
2020-05-19,9,2.0,08,19,25,36,66
2020-05-15,25,3.0,11,17,32,33,46
2020-05-12,5,5.0,07,16,27,44,52
2020-05-08,4,2.0,05,20,22,61,70
2020-05-05,14,2.0,07,13,17,21,45
2020-05-01,14,2.0,28,30,31,35,66
2020-04-28,17,3.0,13,19,53,54,63
2020-04-24,18,2.0,01,27,32,60,67
2020-04-21,17,2.0,13,15,24,67,70
2020-04-17,14,4.0,13,35,39,46,55
2020-04-14,7,4.0,29,47,65,69,70
2020-04-10,13,2.0,02,11,21,57,60
2020-04-07,20,2.0,25,33,43,51,68
2020-04-03,17,4.0,24,38,44,57,58
2020-03-31,2,4.0,08,17,51,57,70
2020-03-27,1,4.0,03,25,28,50,60
2020-03-24,14,2.0,02,08,16,18,31
2020-03-20,5,4.0,34,35,41,45,54
2020-03-17,25,3.0,20,27,28,58,59
2020-03-13,22,4.0,07,22,37,43,44
2020-03-10,12,5.0,06,17,48,54,69
2020-03-06,4,4.0,15,48,56,58,70
2020-03-03,2,2.0,08,12,33,56,64
2020-02-28,17,2.0,02,03,14,41,64
2020-02-25,15,2.0,02,09,43,49,63
2020-02-21,6,4.0,04,07,13,16,60
2020-02-18,4,3.0,06,12,39,61,70
2020-02-14,18,5.0,10,32,48,54,55
2020-02-11,6,2.0,04,06,32,52,64
2020-02-07,4,3.0,09,14,27,36,52
2020-02-04,10,2.0,32,48,50,51,64
2020-01-31,19,2.0,28,31,33,57,62
2020-01-28,21,3.0,17,36,47,51,62
2020-01-24,24,4.0,03,04,18,23,38
2020-01-21,8,3.0,16,18,29,31,37
2020-01-17,9,3.0,03,25,30,54,70
2020-01-14,11,2.0,09,11,13,31,47
2020-01-10,2,2.0,17,27,49,51,66
2020-01-07,21,4.0,25,40,41,52,56
2020-01-03,16,2.0,37,41,42,53,63
2019-12-31,11,3.0,30,44,49,53,56
2019-12-27,24,4.0,17,34,40,63,64
2019-12-24,11,2.0,27,37,48,63,66
2019-12-20,16,3.0,03,20,23,35,60
2019-12-17,16,2.0,22,30,53,55,56
2019-12-13,22,3.0,17,21,29,39,56
2019-12-10,25,2.0,18,31,46,54,61
2019-12-06,20,5.0,20,31,40,46,61
2019-12-03,19,2.0,23,43,60,63,69
2019-11-29,9,2.0,06,08,31,50,65
2019-11-26,13,2.0,08,27,29,38,43
2019-11-22,24,4.0,07,12,17,49,53
2019-11-19,22,3.0,22,43,44,47,66
2019-11-15,20,2.0,12,19,34,35,68
2019-11-12,24,2.0,19,30,44,56,65
2019-11-08,14,3.0,03,04,10,39,58
2019-11-05,19,3.0,02,09,24,49,54
2019-11-01,22,2.0,09,20,36,41,54
2019-10-29,22,2.0,04,09,17,27,39
2019-10-25,6,3.0,16,24,25,52,60
2019-10-22,10,4.0,05,11,14,23,25
2019-10-18,20,3.0,18,58,60,65,67
2019-10-15,2,2.0,04,12,14,35,70
2019-10-11,8,3.0,14,22,30,37,60
2019-10-08,23,3.0,05,08,10,17,48
2019-10-04,17,2.0,11,38,44,48,70
2019-10-01,3,2.0,10,17,39,42,59
2019-09-27,20,3.0,12,20,31,43,45
2019-09-24,9,4.0,06,14,24,42,46
2019-09-20,22,2.0,23,24,42,48,53
2019-09-17,1,4.0,12,15,30,50,65
2019-09-13,5,2.0,06,16,37,59,62
2019-09-10,24,2.0,34,47,48,50,55
2019-09-06,10,4.0,04,11,13,19,31
2019-09-03,5,2.0,13,20,27,61,62
2019-08-30,10,4.0,03,09,11,34,39
2019-08-27,6,2.0,08,12,23,39,43
2019-08-23,21,2.0,11,15,37,54,68
2019-08-20,4,3.0,08,14,25,51,63
2019-08-16,14,2.0,04,14,24,26,46
2019-08-13,5,3.0,07,27,31,34,51
2019-08-09,1,2.0,15,53,56,59,63
2019-08-06,16,2.0,11,17,31,43,55
2019-08-02,19,2.0,11,20,26,48,70
2019-07-30,6,3.0,10,24,28,33,38
2019-07-26,11,3.0,04,06,11,43,48
2019-07-23,11,2.0,01,04,23,40,45
2019-07-19,14,3.0,16,18,28,33,67
2019-07-16,23,3.0,08,16,31,48,52
2019-07-12,7,2.0,08,25,38,56,59
2019-07-09,1,2.0,12,26,40,48,64
2019-07-05,12,2.0,06,38,47,57,63
2019-07-02,13,2.0,03,25,37,40,55
2019-06-28,1,2.0,02,35,49,53,63
2019-06-25,17,3.0,24,33,45,47,61
2019-06-21,18,3.0,13,30,36,48,62
2019-06-18,21,2.0,12,14,22,24,48
2019-06-14,6,2.0,19,40,47,57,65
2019-06-11,13,3.0,20,34,39,43,57
2019-06-07,2,3.0,17,19,27,40,68
2019-06-04,25,2.0,25,37,46,48,68
2019-05-31,4,3.0,07,08,26,65,67
2019-05-28,21,2.0,09,21,34,42,50
2019-05-24,10,2.0,14,41,44,56,62
2019-05-21,15,5.0,10,50,55,56,58
2019-05-17,11,3.0,05,17,28,32,63
2019-05-14,18,4.0,11,59,66,67,68
2019-05-10,19,2.0,03,16,21,61,62
2019-05-07,19,3.0,03,06,34,54,63
2019-05-03,11,2.0,08,16,22,66,68
2019-04-30,20,3.0,24,37,41,61,70
2019-04-26,10,4.0,09,17,23,30,46
2019-04-23,9,4.0,07,24,30,48,67
2019-04-19,25,4.0,18,25,43,44,57
2019-04-16,10,2.0,11,29,34,48,54
2019-04-12,4,2.0,01,24,25,40,70
2019-04-09,9,2.0,11,22,34,44,58
2019-04-05,21,2.0,08,22,24,38,64
2019-04-02,25,3.0,33,47,58,59,64
2019-03-29,3,3.0,05,14,15,62,66
2019-03-26,9,3.0,04,14,22,43,58
2019-03-22,10,3.0,07,36,58,60,62
2019-03-19,15,3.0,10,42,53,67,68
2019-03-15,4,3.0,03,29,56,62,64
2019-03-12,18,4.0,10,12,16,49,57
2019-03-08,7,4.0,04,09,42,62,68
2019-03-05,6,3.0,15,20,32,37,52
2019-03-01,21,2.0,29,33,39,60,66
2019-02-26,20,3.0,10,12,14,24,60
2019-02-22,4,4.0,18,24,31,34,55
2019-02-19,3,2.0,17,24,34,56,65
2019-02-15,12,2.0,10,38,40,43,65
2019-02-12,7,3.0,15,32,39,50,65
2019-02-08,13,3.0,14,24,31,42,48
2019-02-05,7,2.0,03,34,36,59,66
2019-02-01,11,5.0,02,37,48,66,68
2019-01-29,22,2.0,10,33,53,54,62
2019-01-25,10,2.0,08,16,30,38,61
2019-01-22,16,5.0,04,15,37,59,64
2019-01-18,24,3.0,02,43,48,62,64
2019-01-15,7,2.0,29,52,58,60,62
2019-01-11,20,3.0,04,05,31,62,69
2019-01-08,5,5.0,13,26,29,38,64
2019-01-04,15,4.0,21,29,35,54,60
2019-01-01,14,4.0,34,44,57,62,70
2018-12-28,21,2.0,09,10,25,37,38
2018-12-25,6,3.0,02,08,42,43,50
2018-12-21,5,3.0,10,13,61,62,70
2018-12-18,9,3.0,13,22,32,60,69
2018-12-14,23,4.0,05,22,26,43,49
2018-12-11,12,2.0,04,38,39,54,59
2018-12-07,13,3.0,04,10,20,33,57
2018-12-04,4,3.0,28,31,41,42,50
2018-11-30,19,3.0,25,28,40,43,63
2018-11-27,18,4.0,12,24,37,42,57
2018-11-23,23,4.0,07,10,30,33,59
2018-11-20,10,3.0,10,16,31,42,66
2018-11-16,16,3.0,33,36,63,68,69
2018-11-13,11,3.0,34,46,57,65,69
2018-11-09,5,4.0,08,14,27,57,67
2018-11-06,12,2.0,28,34,37,56,69
2018-11-02,16,2.0,03,23,28,46,62
2018-10-30,23,2.0,20,31,39,46,49
2018-10-26,5,4.0,01,28,61,62,63
2018-10-23,5,3.0,05,28,62,65,70
2018-10-19,7,2.0,15,23,53,65,70
2018-10-16,9,5.0,03,45,49,61,69
2018-10-12,7,3.0,04,24,46,61,70
2018-10-09,18,3.0,20,22,39,54,60
2018-10-05,12,2.0,27,28,32,41,69
2018-10-02,1,3.0,02,22,29,31,34
2018-09-28,15,3.0,39,45,52,56,59
2018-09-25,12,2.0,08,16,32,48,61
2018-09-21,9,4.0,01,02,11,52,64
2018-09-18,17,2.0,31,32,43,63,68
2018-09-14,13,4.0,23,30,40,43,66
2018-09-11,19,2.0,15,30,51,62,67
2018-09-07,10,2.0,08,10,41,54,68
2018-09-04,3,3.0,02,07,25,35,44
2018-08-31,17,3.0,07,18,29,32,45
2018-08-28,20,3.0,03,20,33,34,41
2018-08-24,8,2.0,01,06,13,18,49
2018-08-21,11,3.0,14,16,19,38,57
2018-08-17,3,2.0,01,31,32,47,56
2018-08-14,11,2.0,11,26,44,45,46
2018-08-10,6,5.0,01,03,12,22,42
2018-08-07,2,5.0,02,13,15,21,62
2018-08-03,2,2.0,09,28,30,54,60
2018-07-31,9,2.0,12,15,35,64,69
2018-07-27,20,3.0,01,32,40,49,63
2018-07-24,20,3.0,01,02,04,19,29
2018-07-20,1,2.0,01,14,30,44,62
2018-07-17,12,5.0,40,41,61,66,67
2018-07-13,2,2.0,21,22,39,59,68
2018-07-10,14,3.0,01,17,28,56,70
2018-07-06,16,3.0,02,10,46,50,56
2018-07-03,23,2.0,13,35,45,49,68
2018-06-29,23,4.0,02,32,47,49,68
2018-06-26,19,2.0,17,25,29,39,60
2018-06-22,20,2.0,02,06,11,27,44
2018-06-19,14,3.0,11,13,28,65,70
2018-06-15,6,2.0,01,11,37,47,51
2018-06-12,3,2.0,01,03,05,08,70
2018-06-08,13,2.0,14,30,33,44,56
2018-06-05,4,2.0,22,33,41,48,52
2018-06-01,17,3.0,05,24,52,62,66
2018-05-29,2,3.0,02,11,55,58,67
2018-05-25,25,4.0,11,14,51,64,68
2018-05-22,9,3.0,16,17,21,36,48
2018-05-18,11,2.0,09,26,53,64,66
2018-05-15,21,2.0,21,34,44,49,61
2018-05-11,22,3.0,14,38,40,53,70
2018-05-08,13,2.0,08,15,39,64,67
2018-05-04,21,4.0,04,05,10,12,18
2018-05-01,1,4.0,02,07,20,55,70
2018-04-27,11,2.0,02,29,38,63,66
2018-04-24,10,3.0,03,19,31,32,48
2018-04-20,4,2.0,01,15,18,32,45
2018-04-17,22,4.0,12,34,44,47,65
2018-04-13,10,4.0,08,09,32,42,59
2018-04-10,20,2.0,05,13,31,43,53
2018-04-06,20,4.0,16,33,51,54,67
2018-04-03,14,2.0,04,29,39,42,62
2018-03-30,1,3.0,11,28,31,46,59
2018-03-27,13,3.0,07,25,43,56,59
2018-03-23,17,3.0,04,08,23,53,59
2018-03-20,9,3.0,14,38,51,64,70
2018-03-16,11,3.0,01,13,26,33,52
2018-03-13,17,5.0,06,30,58,60,61
2018-03-09,22,4.0,07,17,18,46,66
2018-03-06,22,5.0,01,04,26,35,39
2018-03-02,8,4.0,24,28,42,60,64
2018-02-27,23,3.0,10,17,21,38,43
2018-02-23,9,4.0,07,11,13,19,58
2018-02-20,14,3.0,17,19,23,24,43
2018-02-16,16,3.0,14,38,48,53,58
2018-02-13,1,4.0,05,12,15,46,49
2018-02-09,14,3.0,28,34,41,46,47
2018-02-06,25,3.0,14,17,25,48,58
2018-02-02,4,3.0,01,04,14,17,40
2018-01-30,24,3.0,29,41,42,49,57
2018-01-26,1,4.0,10,16,27,38,43
2018-01-23,7,4.0,02,06,30,31,55
2018-01-19,23,3.0,03,17,23,49,66
2018-01-16,18,3.0,03,11,23,29,59
2018-01-12,24,4.0,17,18,33,46,60
2018-01-09,23,3.0,16,29,31,65,67
2018-01-05,10,3.0,28,30,39,59,70
2018-01-02,22,4.0,01,42,47,64,70
2017-12-29,7,2.0,04,10,18,28,62
2017-12-26,25,4.0,10,12,20,38,41
2017-12-22,16,4.0,01,20,30,33,42
2017-12-19,2,3.0,28,37,39,42,58
2017-12-15,19,4.0,04,12,36,44,57
2017-12-12,9,2.0,08,23,24,25,27
2017-12-08,24,2.0,06,37,46,60,70
2017-12-05,22,4.0,14,15,37,42,67
2017-12-01,8,4.0,16,22,40,41,59
2017-11-28,5,2.0,10,17,47,51,61
2017-11-24,22,3.0,16,36,54,61,64
2017-11-21,3,3.0,03,07,22,27,50
2017-11-17,15,4.0,03,26,55,58,70
2017-11-14,19,3.0,01,14,21,22,28
2017-11-10,24,2.0,06,23,38,42,58
2017-11-07,11,4.0,01,54,60,68,69
2017-11-03,3,2.0,10,22,42,61,69
2017-10-31,12,4.0,06,28,31,52,53
2017-10-27,13,5.0,17,27,41,51,52
2017-10-24,6,4.0,20,24,34,56,64
2017-10-20,9,2.0,06,23,63,66,73
2017-10-17,11,5.0,31,45,49,56,70
2017-10-13,12,2.0,02,07,18,26,31
2017-10-10,2,5.0,07,16,24,61,62
2017-10-06,12,5.0,21,33,36,45,56
2017-10-03,7,5.0,12,18,19,25,67
2017-09-29,7,5.0,25,51,62,73,74
2017-09-26,4,4.0,01,10,57,66,75
2017-09-22,15,5.0,05,39,54,63,66
2017-09-19,10,2.0,09,28,31,50,61
2017-09-15,3,4.0,18,24,34,38,58
2017-09-12,3,4.0,26,37,41,54,65
2017-09-08,14,3.0,04,05,14,26,73
2017-09-05,1,3.0,11,17,59,70,72
2017-09-01,12,5.0,04,13,31,50,64
2017-08-29,3,3.0,02,13,17,35,73
2017-08-25,11,5.0,17,38,42,51,65
2017-08-22,7,4.0,24,35,46,50,51
2017-08-18,6,3.0,01,31,34,40,75
2017-08-15,7,2.0,07,16,20,66,73
2017-08-11,6,5.0,23,33,53,56,58
2017-08-08,14,2.0,11,17,50,52,74
2017-08-04,4,5.0,09,17,25,63,71
2017-08-01,7,5.0,20,22,52,57,73
2017-07-28,11,3.0,04,06,31,49,52
2017-07-25,6,3.0,02,05,26,58,60
2017-07-21,10,4.0,18,31,36,50,74
2017-07-18,6,4.0,08,12,23,51,73
2017-07-14,1,4.0,11,12,24,32,73
2017-07-11,10,2.0,07,18,24,55,74
2017-07-07,10,5.0,02,09,11,28,60
2017-07-04,15,4.0,16,39,47,53,71
2017-06-30,6,5.0,10,38,51,55,64
2017-06-27,14,4.0,04,21,45,52,57
2017-06-23,11,2.0,12,20,53,66,74
2017-06-20,3,3.0,02,15,41,49,63
2017-06-16,9,5.0,18,22,26,30,44
2017-06-13,8,3.0,27,51,62,68,75
2017-06-09,9,5.0,03,16,28,33,37
2017-06-06,5,3.0,03,05,16,49,75
2017-06-02,10,3.0,07,42,57,69,72
2017-05-30,5,5.0,05,20,32,37,67
2017-05-26,5,3.0,25,26,28,37,56
2017-05-23,14,2.0,06,13,17,33,60
2017-05-19,1,3.0,01,04,05,24,30
2017-05-16,11,5.0,04,35,39,56,72
2017-05-12,13,4.0,28,34,41,42,47
2017-05-09,11,5.0,06,29,45,69,73
2017-05-05,7,4.0,04,23,33,47,53
2017-05-02,1,4.0,05,14,42,43,58
2017-04-28,13,4.0,06,13,18,20,31
2017-04-25,2,4.0,03,13,33,40,50
2017-04-21,10,2.0,01,12,13,32,34
2017-04-18,6,3.0,08,29,30,43,64
2017-04-14,12,5.0,05,10,55,60,73
2017-04-11,8,5.0,19,34,35,38,49
2017-04-07,15,5.0,30,33,43,47,69
2017-04-04,9,5.0,13,24,34,35,55
2017-03-31,10,3.0,17,24,27,32,58
2017-03-28,10,5.0,30,33,35,37,46
2017-03-24,1,5.0,05,28,37,61,69
2017-03-21,7,3.0,04,45,53,73,75
2017-03-17,10,4.0,11,27,31,58,60
2017-03-14,13,3.0,16,23,28,33,59
2017-03-10,5,5.0,26,38,42,58,70
2017-03-07,11,3.0,03,30,45,53,68
2017-03-03,9,5.0,14,26,39,48,51
2017-02-28,4,2.0,20,33,45,58,69
2017-02-24,14,3.0,12,29,33,42,68
2017-02-21,9,5.0,09,21,30,32,75
2017-02-17,8,5.0,04,56,58,67,75
2017-02-14,15,5.0,07,11,33,60,68
2017-02-10,14,5.0,32,39,51,62,75
2017-02-07,12,5.0,23,28,37,56,71
2017-02-03,3,5.0,03,06,29,30,64
2017-01-31,4,3.0,03,14,27,62,72
2017-01-27,8,3.0,17,37,53,54,61
2017-01-24,11,4.0,08,42,54,63,67
2017-01-20,14,3.0,07,09,24,41,53
2017-01-17,3,5.0,20,31,54,56,59
2017-01-13,11,3.0,10,44,58,74,75
2017-01-10,15,5.0,11,20,40,41,59
2017-01-06,6,5.0,06,10,44,47,54
2017-01-03,12,2.0,14,16,23,49,53
2016-12-30,2,2.0,06,21,33,39,43
2016-12-27,11,4.0,02,28,30,38,39
2016-12-23,15,5.0,21,30,39,60,69
2016-12-20,2,5.0,01,12,14,48,65
2016-12-16,6,5.0,01,08,15,36,43
2016-12-13,14,5.0,02,15,26,34,41
2016-12-09,1,5.0,19,27,47,67,68
2016-12-06,12,4.0,13,34,48,53,63
2016-12-02,1,2.0,03,33,35,49,51
2016-11-29,8,4.0,22,33,49,51,59
2016-11-25,10,3.0,44,47,49,69,75
2016-11-22,7,5.0,01,43,45,66,69
2016-11-18,15,5.0,31,32,49,55,58
2016-11-15,6,3.0,09,17,23,57,71
2016-11-11,11,5.0,16,40,47,53,59
2016-11-08,12,4.0,46,48,53,61,74
2016-11-04,10,3.0,10,29,32,44,46
2016-11-01,13,2.0,19,24,31,39,45
2016-10-28,2,5.0,07,38,46,57,66
2016-10-25,13,3.0,08,09,24,49,67
2016-10-21,3,4.0,12,43,44,48,66
2016-10-18,1,2.0,07,24,28,65,74
2016-10-14,5,3.0,07,27,60,64,74
2016-10-11,3,2.0,36,39,42,45,48
2016-10-07,14,2.0,24,37,42,50,65
2016-10-04,1,5.0,18,29,30,54,66
2016-09-30,9,5.0,21,30,47,50,57
2016-09-27,4,4.0,14,16,26,53,72
2016-09-23,14,3.0,01,05,08,25,62
2016-09-20,2,5.0,02,22,34,62,72
2016-09-16,15,3.0,13,21,28,34,40
2016-09-13,15,3.0,06,15,17,39,56
2016-09-09,11,4.0,01,34,43,44,63
2016-09-06,8,3.0,25,37,58,69,75
2016-09-02,3,3.0,22,28,41,46,60
2016-08-30,11,4.0,28,32,41,51,71
2016-08-26,14,2.0,10,11,31,41,44
2016-08-23,1,2.0,02,07,46,61,66
2016-08-19,13,5.0,22,37,45,65,73
2016-08-16,6,5.0,02,43,52,62,63
2016-08-12,10,4.0,04,41,44,56,69
2016-08-09,1,5.0,12,19,20,44,66
2016-08-05,6,4.0,05,18,28,54,74
2016-08-02,12,5.0,03,12,36,54,70
2016-07-29,4,5.0,11,16,19,31,48
2016-07-26,9,3.0,01,04,31,36,54
2016-07-22,7,4.0,08,24,25,26,30
2016-07-19,4,5.0,03,34,54,65,66
2016-07-15,4,2.0,16,51,52,56,58
2016-07-12,4,4.0,06,08,22,46,68
2016-07-08,5,2.0,08,19,20,55,73
2016-07-05,10,5.0,29,46,53,64,73
2016-07-01,14,2.0,20,41,42,45,49
2016-06-28,7,2.0,15,17,20,35,55
2016-06-24,11,5.0,11,14,54,57,63
2016-06-21,10,5.0,06,13,21,49,50
2016-06-17,9,5.0,20,23,30,44,59
2016-06-14,6,5.0,36,37,38,52,62
2016-06-10,7,5.0,34,61,66,67,68
2016-06-07,4,4.0,25,48,51,65,72
2016-06-03,10,3.0,32,54,65,66,71
2016-05-31,8,5.0,09,31,34,41,49
2016-05-27,9,3.0,18,41,50,68,70
2016-05-24,15,4.0,11,50,51,70,75
2016-05-20,8,2.0,19,24,26,40,68
2016-05-17,6,3.0,17,24,27,48,75
2016-05-13,7,4.0,20,21,38,54,66
2016-05-10,4,3.0,12,22,46,56,74
2016-05-06,7,4.0,14,26,27,32,36
2016-05-03,15,5.0,28,29,33,36,45
2016-04-29,10,5.0,05,06,37,55,74
2016-04-26,2,2.0,14,16,17,28,48
2016-04-22,13,5.0,02,19,21,42,60
2016-04-19,2,5.0,09,28,40,57,65
2016-04-15,9,5.0,09,10,34,37,73
2016-04-12,3,5.0,07,11,59,62,63
2016-04-08,15,3.0,31,38,52,65,71
2016-04-05,10,5.0,13,45,52,53,57
2016-04-01,6,2.0,25,28,33,41,69
2016-03-29,15,5.0,33,38,40,46,49
2016-03-25,12,2.0,04,11,12,35,46
2016-03-22,5,5.0,06,19,34,38,70
2016-03-18,13,5.0,05,08,57,59,73
2016-03-15,7,4.0,18,26,30,44,68
2016-03-11,13,4.0,14,18,48,54,71
2016-03-08,5,5.0,27,37,54,66,69
2016-03-04,14,4.0,21,26,33,48,73
2016-03-01,6,5.0,01,29,33,34,55
2016-02-26,14,4.0,03,15,19,62,74
2016-02-23,10,5.0,16,32,39,53,57
2016-02-19,4,4.0,02,27,41,50,75
2016-02-16,4,3.0,09,31,33,46,64
2016-02-12,1,3.0,01,07,44,68,73
2016-02-09,13,4.0,03,42,46,56,71
2016-02-05,2,3.0,04,06,23,55,75
2016-02-02,9,4.0,07,13,25,51,70
2016-01-29,6,2.0,20,28,49,51,52
2016-01-26,2,2.0,14,27,39,50,69
2016-01-22,3,5.0,21,25,40,46,56
2016-01-19,9,2.0,02,17,31,39,47
2016-01-15,12,2.0,29,41,53,54,70
2016-01-12,15,4.0,15,27,29,31,48
2016-01-08,2,5.0,11,39,51,57,75
2016-01-05,13,5.0,01,04,36,48,57
2016-01-01,9,5.0,07,18,37,38,39
2015-12-29,7,3.0,20,25,55,62,74
2015-12-25,4,4.0,15,25,29,44,51
2015-12-22,15,3.0,11,21,40,50,70
2015-12-18,7,5.0,06,23,24,28,62
2015-12-15,5,5.0,18,25,47,51,61
2015-12-11,5,4.0,14,20,43,54,69
2015-12-08,15,3.0,07,17,37,49,73
2015-12-04,6,5.0,26,42,47,61,73
2015-12-01,12,2.0,05,07,25,50,59
2015-11-27,12,3.0,16,20,39,56,59
2015-11-24,8,4.0,02,19,30,38,70
2015-11-20,15,2.0,09,12,29,37,67
2015-11-17,10,3.0,12,14,18,24,61
2015-11-13,9,5.0,17,18,31,35,59
2015-11-10,4,4.0,08,17,20,45,71
2015-11-06,8,3.0,10,31,35,50,72
2015-11-03,12,5.0,16,29,44,69,74
2015-10-30,15,5.0,17,41,51,53,56
2015-10-27,4,3.0,09,26,27,29,74
2015-10-23,1,5.0,25,32,37,45,70
2015-10-20,4,4.0,06,25,35,38,52
2015-10-16,4,3.0,02,38,48,61,68
2015-10-13,1,5.0,07,09,24,38,52
2015-10-09,14,4.0,08,09,21,63,75
2015-10-06,13,3.0,17,58,63,64,66
2015-10-02,9,2.0,04,14,29,31,47
2015-09-29,9,3.0,08,21,30,61,62
2015-09-25,4,5.0,03,08,38,51,64
2015-09-22,8,5.0,28,30,38,45,51
2015-09-18,7,3.0,17,34,35,51,65
2015-09-15,9,4.0,07,20,35,49,56
2015-09-11,14,2.0,05,11,31,50,67
2015-09-08,7,3.0,19,20,36,41,46
2015-09-04,5,5.0,17,21,39,52,57
2015-09-01,13,5.0,02,05,35,40,54
2015-08-28,9,4.0,13,35,40,60,68
2015-08-25,1,5.0,05,44,54,59,63
2015-08-21,1,5.0,13,15,21,41,72
2015-08-18,9,3.0,02,07,33,39,53
2015-08-14,3,4.0,12,15,20,52,71
2015-08-11,8,4.0,03,08,29,57,68
2015-08-07,10,3.0,01,38,53,63,66
2015-08-04,14,2.0,02,19,44,51,57
2015-07-31,10,4.0,28,32,33,40,46
2015-07-28,15,5.0,08,35,61,68,75
2015-07-24,13,5.0,10,12,26,60,62
2015-07-21,1,5.0,20,30,62,65,74
2015-07-17,15,3.0,06,17,30,31,41
2015-07-14,5,3.0,19,24,30,35,72
2015-07-10,8,3.0,24,27,45,51,54
2015-07-07,14,3.0,06,15,16,28,49
2015-07-03,9,4.0,33,50,64,71,72
2015-06-30,15,4.0,11,17,34,43,50
2015-06-26,3,5.0,12,23,33,47,50
2015-06-23,2,5.0,06,13,38,56,70
2015-06-19,8,3.0,04,35,36,52,68
2015-06-16,14,2.0,08,19,26,56,67
2015-06-12,2,5.0,01,40,42,56,62
2015-06-09,7,5.0,06,16,17,25,36
2015-06-05,10,4.0,07,22,27,41,49
2015-06-02,12,4.0,02,09,11,22,23
2015-05-29,2,4.0,20,27,38,49,66
2015-05-26,12,4.0,01,39,52,69,72
2015-05-22,8,5.0,03,14,15,25,48
2015-05-19,10,5.0,10,12,21,29,65
2015-05-15,15,5.0,11,17,21,36,74
2015-05-12,2,5.0,14,30,33,36,44
2015-05-08,7,3.0,09,21,25,66,72
2015-05-05,7,5.0,11,21,42,62,71
2015-05-01,3,3.0,17,18,61,66,74
2015-04-28,11,5.0,22,27,55,58,63
2015-04-24,4,4.0,24,25,29,47,67
2015-04-21,11,5.0,31,33,35,41,69
2015-04-17,5,2.0,15,18,29,41,50
2015-04-14,3,5.0,03,07,25,68,71
2015-04-10,9,2.0,06,11,32,46,68
2015-04-07,6,4.0,05,15,22,26,64
2015-04-03,2,5.0,10,36,47,63,74
2015-03-31,11,5.0,08,26,41,61,73
2015-03-27,3,5.0,17,21,36,58,70
2015-03-24,12,2.0,02,23,32,45,55
2015-03-20,7,4.0,07,50,54,61,75
2015-03-17,3,5.0,11,27,44,45,58
2015-03-13,3,5.0,08,22,30,42,45
2015-03-10,14,5.0,10,14,19,30,73
2015-03-06,5,3.0,30,48,55,68,73
2015-03-03,3,4.0,09,11,42,44,50
2015-02-27,4,2.0,07,49,53,60,64
2015-02-24,4,3.0,15,23,26,45,66
2015-02-20,13,3.0,02,06,08,52,66
2015-02-17,1,5.0,06,45,50,65,66
2015-02-13,14,3.0,04,20,44,65,74
2015-02-10,15,2.0,07,42,53,58,71
2015-02-06,13,3.0,05,06,17,33,68
2015-02-03,13,5.0,11,22,25,58,69
2015-01-30,6,5.0,18,31,39,45,55
2015-01-27,7,3.0,05,26,27,44,57
2015-01-23,8,2.0,14,15,32,68,72
2015-01-20,6,5.0,31,35,56,59,63
2015-01-16,11,3.0,26,32,44,45,58
2015-01-13,7,5.0,12,20,25,50,51
2015-01-09,8,5.0,37,49,50,56,57
2015-01-06,4,3.0,12,20,27,38,75
2015-01-02,12,4.0,13,15,35,62,74
2014-12-30,12,4.0,03,07,44,63,67
2014-12-26,14,3.0,02,05,10,20,38
2014-12-23,7,3.0,04,10,31,56,66
2014-12-19,4,3.0,14,18,58,59,68
2014-12-16,1,5.0,41,58,68,72,73
2014-12-12,7,5.0,02,31,46,58,65
2014-12-09,14,5.0,27,45,49,51,52
2014-12-05,5,5.0,04,05,11,51,59
2014-12-02,11,5.0,13,18,22,49,62
2014-11-28,10,3.0,08,26,29,36,47
2014-11-25,4,2.0,10,11,29,47,56
2014-11-21,15,2.0,03,12,35,37,63
2014-11-18,6,2.0,37,39,53,68,75
2014-11-14,15,5.0,03,49,61,62,68
2014-11-11,11,5.0,23,25,28,30,75
2014-11-07,5,5.0,31,35,41,65,66
2014-11-04,1,4.0,09,15,24,39,41
2014-10-31,15,2.0,11,29,36,58,67
2014-10-28,11,5.0,03,50,57,58,60
2014-10-24,3,3.0,02,14,21,28,55
2014-10-21,11,5.0,05,35,37,41,66
2014-10-17,12,4.0,21,31,43,56,60
2014-10-14,15,3.0,11,37,46,64,68
2014-10-10,3,5.0,02,32,35,50,59
2014-10-07,2,3.0,16,29,46,48,55
2014-10-03,6,3.0,03,20,34,58,67
2014-09-30,6,5.0,03,16,52,54,61
2014-09-26,9,5.0,17,26,35,46,62
2014-09-23,12,5.0,21,24,25,40,43
2014-09-19,2,2.0,16,25,27,29,34
2014-09-16,2,2.0,25,45,51,53,73
2014-09-12,7,3.0,18,28,33,36,42
2014-09-09,1,4.0,25,34,55,70,71
2014-09-05,7,2.0,07,12,20,24,59
2014-09-02,1,3.0,01,08,54,69,72
2014-08-29,12,2.0,03,26,45,58,73
2014-08-26,1,5.0,29,31,51,60,64
2014-08-22,3,5.0,05,31,34,41,74
2014-08-19,15,4.0,22,39,56,67,71
2014-08-15,9,2.0,16,19,28,29,68
2014-08-12,6,4.0,32,53,60,63,68
2014-08-08,7,5.0,09,16,61,70,75
2014-08-05,6,5.0,25,28,36,45,53
2014-08-01,6,5.0,13,29,34,37,72
2014-07-29,1,4.0,02,08,16,43,74
2014-07-25,12,5.0,22,29,33,41,68
2014-07-22,15,3.0,14,18,22,31,47
2014-07-18,3,3.0,05,08,59,65,72
2014-07-15,5,2.0,02,04,17,36,40
2014-07-11,10,5.0,09,13,30,35,69
2014-07-08,9,5.0,14,25,27,48,49
2014-07-04,2,5.0,16,33,39,58,69
2014-07-01,15,3.0,09,22,38,47,49
2014-06-27,10,3.0,15,29,31,46,64
2014-06-24,10,4.0,13,17,24,47,65
2014-06-20,3,5.0,01,22,25,29,56
2014-06-17,3,4.0,10,14,24,47,60
2014-06-13,1,5.0,07,38,46,49,56
2014-06-10,7,5.0,02,10,24,26,74
2014-06-06,9,4.0,12,29,37,49,72
2014-06-03,6,3.0,19,28,62,66,74
2014-05-30,2,4.0,10,13,42,43,62
2014-05-27,13,2.0,01,06,10,46,58
2014-05-23,15,4.0,12,14,21,38,70
2014-05-20,7,2.0,10,40,63,64,69
2014-05-16,11,5.0,13,14,16,50,56
2014-05-13,1,2.0,37,46,48,70,74
2014-05-09,14,2.0,10,28,39,51,59
2014-05-06,5,3.0,18,20,27,48,51
2014-05-02,13,5.0,01,18,26,35,40
2014-04-29,3,3.0,07,43,59,61,66
2014-04-25,9,2.0,03,11,18,20,66
2014-04-22,1,3.0,02,18,19,49,50
2014-04-18,9,2.0,18,25,38,45,63
2014-04-15,13,3.0,04,39,46,47,70
2014-04-11,8,5.0,03,42,44,47,57
2014-04-08,3,3.0,35,36,41,60,71
2014-04-04,9,2.0,01,10,15,41,54
2014-04-01,9,5.0,10,23,68,74,75
2014-03-28,12,3.0,02,03,09,50,73
2014-03-25,15,3.0,19,26,51,57,73
2014-03-21,10,5.0,02,23,30,35,53
2014-03-18,7,3.0,11,19,24,33,51
2014-03-14,12,3.0,07,20,40,54,69
2014-03-11,10,4.0,09,14,56,57,69
2014-03-07,1,4.0,11,13,51,57,69
2014-03-04,10,2.0,10,29,31,35,45
2014-02-28,6,4.0,03,31,50,58,59
2014-02-25,15,5.0,12,18,25,35,66
2014-02-21,15,5.0,23,29,32,45,46
2014-02-18,14,5.0,23,29,31,37,70
2014-02-14,7,3.0,20,28,35,71,72
2014-02-11,4,2.0,43,64,67,71,73
2014-02-07,10,3.0,11,21,23,35,64
2014-02-04,9,3.0,25,44,49,60,73
2014-01-31,8,4.0,03,09,13,47,52
2014-01-28,2,3.0,07,16,28,53,60
2014-01-24,10,5.0,22,45,46,47,65
2014-01-21,4,4.0,08,23,33,45,52
2014-01-17,11,4.0,01,10,26,31,51
2014-01-14,13,3.0,04,23,26,62,69
2014-01-10,8,3.0,08,28,36,37,57
2014-01-07,6,5.0,13,34,56,62,64
2014-01-03,5,5.0,22,24,25,40,70
2013-12-31,8,3.0,08,12,34,52,58
2013-12-27,11,5.0,04,15,35,48,49
2013-12-24,2,3.0,23,34,53,58,73
2013-12-20,6,2.0,03,04,31,49,57
2013-12-17,7,4.0,08,14,17,20,39
2013-12-13,12,2.0,19,24,26,27,70
2013-12-10,13,2.0,05,12,22,41,65
2013-12-06,3,3.0,11,29,44,63,64
2013-12-03,3,3.0,07,12,41,44,59
2013-11-29,5,4.0,09,41,43,47,57
2013-11-26,3,5.0,27,44,59,74,75
2013-11-22,8,3.0,17,23,35,36,44
2013-11-19,2,3.0,14,15,29,49,63
2013-11-15,8,4.0,25,44,49,54,63
2013-11-12,15,5.0,20,30,32,42,71
2013-11-08,7,2.0,41,42,51,57,65
2013-11-05,2,5.0,02,11,42,64,74
2013-11-01,1,5.0,32,35,49,62,67
2013-10-29,7,3.0,20,33,50,53,54
2013-10-25,15,2.0,06,16,45,54,60
2013-10-22,14,5.0,02,03,19,52,71
2013-10-15,11,4.0,04,23,30,43,50
2013-10-11,46,4.0,03,27,37,45,48
2013-10-08,5,3.0,06,15,19,23,40
2013-10-04,5,3.0,04,16,24,25,44
2013-10-01,1,3.0,07,10,30,37,53
2013-09-27,38,2.0,09,23,27,49,51
2013-09-24,33,3.0,04,11,32,39,40
2013-09-20,34,2.0,01,15,20,21,47
2013-09-17,25,2.0,06,15,27,31,39
2013-09-13,8,4.0,09,22,28,48,54
2013-09-10,1,3.0,02,12,18,54,56
2013-09-06,31,4.0,02,16,17,22,41
2013-09-03,28,3.0,04,13,14,28,41
2013-08-30,33,2.0,06,19,24,43,44
2013-08-27,38,4.0,04,07,30,36,38
2013-08-23,14,4.0,01,09,17,20,53
2013-08-20,33,3.0,13,28,35,38,41
2013-08-16,37,4.0,07,13,26,36,46
2013-08-13,40,4.0,02,31,32,37,41
2013-08-09,12,3.0,11,20,30,34,38
2013-08-06,41,3.0,01,11,16,51,55
2013-08-02,4,2.0,08,21,23,25,39
2013-07-30,39,3.0,25,27,36,42,44
2013-07-26,42,4.0,04,22,23,27,38
2013-07-23,46,3.0,25,32,35,50,51
2013-07-19,46,3.0,16,20,24,39,42
2013-07-16,20,2.0,10,14,21,40,53
2013-07-12,10,3.0,04,05,25,27,51
2013-07-09,14,2.0,03,21,43,45,48
2013-07-05,42,4.0,02,23,41,47,54
2013-07-02,40,4.0,36,42,51,52,53
2013-06-28,38,4.0,08,15,35,46,52
2013-06-25,16,2.0,03,05,28,33,51
2013-06-21,3,3.0,03,14,17,40,50
2013-06-18,30,2.0,06,17,34,40,48
2013-06-14,20,4.0,02,05,31,33,34
2013-06-11,28,4.0,15,40,45,50,53
2013-06-07,21,4.0,01,10,37,48,55
2013-06-04,19,3.0,10,11,12,20,55
2013-05-31,26,3.0,02,20,26,44,46
2013-05-28,36,4.0,04,12,25,32,54
2013-05-24,28,4.0,04,05,16,18,53
2013-05-21,11,4.0,02,15,17,48,55
2013-05-17,41,4.0,11,15,35,43,49
2013-05-14,38,4.0,06,10,12,28,32
2013-05-10,28,4.0,01,19,20,39,49
2013-05-07,31,4.0,01,06,13,20,51
2013-05-03,39,2.0,02,20,34,42,54
2013-04-30,43,3.0,21,30,34,39,49
2013-04-26,31,4.0,17,42,49,54,55
2013-04-23,10,3.0,09,21,22,32,50
2013-04-19,28,4.0,06,08,12,22,43
2013-04-16,42,2.0,02,05,15,18,39
2013-04-12,28,3.0,01,10,13,19,21
2013-04-09,13,4.0,17,30,41,48,54
2013-04-05,5,3.0,08,15,23,36,41
2013-04-02,34,4.0,07,10,14,40,47
2013-03-29,21,4.0,25,31,36,46,53
2013-03-26,46,4.0,20,33,46,49,51
2013-03-22,38,4.0,14,27,34,37,41
2013-03-19,35,3.0,03,06,14,21,37
2013-03-15,8,2.0,04,08,17,22,32
2013-03-12,39,4.0,09,12,19,20,30
2013-03-08,44,4.0,04,11,25,34,35
2013-03-05,42,3.0,06,20,39,41,46
2013-03-01,20,4.0,17,30,38,43,51
2013-02-26,7,4.0,06,07,13,15,43
2013-02-22,30,3.0,09,13,24,38,49
2013-02-19,28,3.0,01,15,19,30,56
2013-02-15,42,4.0,11,35,41,42,44
2013-02-12,44,3.0,09,22,32,38,55
2013-02-08,5,4.0,06,15,20,39,50
2013-02-05,46,4.0,02,05,10,26,44
2013-02-01,17,3.0,01,30,32,40,41
2013-01-29,6,3.0,08,12,27,46,47
2013-01-25,1,4.0,11,12,17,31,48
2013-01-22,13,3.0,07,11,16,39,54
2013-01-18,14,3.0,08,18,25,42,49
2013-01-15,14,4.0,01,06,12,19,41
2013-01-11,1,4.0,24,29,30,34,56
2013-01-08,19,4.0,03,20,21,38,42
2013-01-04,39,4.0,01,02,23,25,55
2013-01-01,29,4.0,04,11,21,25,44
2012-12-28,32,4.0,10,13,32,40,41
2012-12-25,36,4.0,02,03,18,34,48
2012-12-21,19,3.0,03,18,32,41,56
2012-12-18,16,3.0,01,06,07,18,29
2012-12-14,41,4.0,11,28,33,41,43
2012-12-11,13,4.0,39,44,51,52,54
2012-12-07,4,3.0,07,43,44,51,56
2012-12-04,44,4.0,03,19,24,32,43
2012-11-30,46,3.0,11,22,24,28,31
2012-11-27,24,4.0,05,12,26,42,49
2012-11-23,27,4.0,08,37,44,47,48
2012-11-20,44,4.0,09,13,22,38,52
2012-11-16,36,4.0,05,24,26,29,53
2012-11-13,34,2.0,06,12,31,46,56
2012-11-09,11,4.0,18,22,33,35,40
2012-11-06,6,3.0,03,05,13,32,35
2012-11-02,24,3.0,04,18,22,38,44
2012-10-30,38,4.0,05,12,18,29,56
2012-10-26,44,2.0,04,15,24,36,40
2012-10-23,1,2.0,01,17,42,46,55
2012-10-19,42,3.0,14,34,36,48,53
2012-10-16,29,4.0,13,37,40,46,52
2012-10-12,15,4.0,06,10,24,26,42
2012-10-09,3,4.0,06,15,16,22,37
2012-10-05,15,3.0,08,09,16,32,39
2012-10-02,9,4.0,10,11,20,42,55
2012-09-28,28,4.0,06,08,14,43,56
2012-09-25,26,3.0,07,08,23,50,51
2012-09-21,34,4.0,03,13,14,46,55
2012-09-18,36,3.0,05,09,22,36,49
2012-09-14,20,4.0,16,17,21,40,51
2012-09-11,11,3.0,05,11,20,33,36
2012-09-07,31,4.0,15,32,38,42,46
2012-09-04,16,3.0,16,32,39,41,53
2012-08-31,45,3.0,31,40,41,47,48
2012-08-28,39,4.0,04,09,40,45,50
2012-08-24,34,2.0,25,34,45,46,49
2012-08-21,30,2.0,05,13,20,23,33
2012-08-17,24,3.0,08,20,24,35,56
2012-08-14,32,4.0,15,23,34,39,55
2012-08-10,8,4.0,10,18,36,38,44
2012-08-07,7,4.0,30,32,33,42,48
2012-08-03,2,3.0,02,10,13,38,46
2012-07-31,37,3.0,05,18,21,29,41
2012-07-27,26,3.0,02,03,04,08,43
2012-07-24,5,4.0,05,09,38,46,51
2012-07-20,3,3.0,02,44,48,50,52
2012-07-17,17,4.0,01,13,21,49,55
2012-07-13,34,2.0,06,07,13,24,46
2012-07-10,21,4.0,03,11,19,23,36
2012-07-06,21,3.0,20,23,28,35,39
2012-07-03,45,4.0,03,04,24,36,52
2012-06-29,34,4.0,28,34,39,45,53
2012-06-26,20,4.0,03,16,23,35,36
2012-06-22,13,3.0,10,16,19,32,36
2012-06-19,11,2.0,11,21,27,30,53
2012-06-15,4,3.0,08,12,18,30,40
2012-06-12,45,4.0,02,09,17,34,50
2012-06-08,25,3.0,04,09,34,40,48
2012-06-05,22,3.0,37,39,42,53,55
2012-06-01,45,3.0,02,27,38,46,52
2012-05-29,31,3.0,02,14,29,53,55
2012-05-25,11,4.0,09,15,21,40,54
2012-05-22,16,2.0,10,14,35,43,52
2012-05-18,1,4.0,03,11,22,34,49
2012-05-15,6,4.0,10,11,12,14,24
2012-05-11,8,4.0,03,15,29,35,54
2012-05-08,19,3.0,02,06,08,18,51
2012-05-04,38,4.0,04,11,21,42,53
2012-05-01,38,4.0,24,27,31,45,52
2012-04-27,37,4.0,02,05,45,46,47
2012-04-24,39,4.0,03,09,15,37,38
2012-04-20,40,3.0,14,23,26,33,35
2012-04-17,2,4.0,01,16,24,32,48
2012-04-13,33,4.0,09,14,17,36,42
2012-04-10,25,4.0,02,06,12,31,48
2012-04-06,39,4.0,02,19,20,24,33
2012-04-03,40,4.0,11,35,38,41,52
2012-03-30,23,3.0,02,04,23,38,46
2012-03-27,24,3.0,09,19,34,44,51
2012-03-23,20,4.0,06,17,19,20,21
2012-03-20,30,4.0,01,04,06,11,14
2012-03-16,7,3.0,28,29,43,51,53
2012-03-13,31,3.0,02,08,30,36,48
2012-03-09,11,4.0,09,10,27,36,42
2012-03-06,44,4.0,20,24,31,33,36
2012-03-02,5,2.0,16,29,48,52,54
2012-02-28,36,3.0,06,15,29,39,51
2012-02-24,3,4.0,01,16,18,25,27
2012-02-21,37,3.0,09,30,39,42,47
2012-02-17,3,3.0,16,25,28,32,40
2012-02-14,27,2.0,03,05,10,26,27
2012-02-10,20,4.0,03,04,18,29,50
2012-02-07,4,4.0,17,23,30,37,45
2012-02-03,35,4.0,07,19,21,49,53
2012-01-31,9,3.0,09,17,18,28,43
2012-01-27,23,4.0,03,05,30,36,48
2012-01-24,33,4.0,10,22,24,36,49
2012-01-20,8,2.0,01,09,28,38,47
2012-01-17,27,2.0,03,15,31,36,53
2012-01-13,19,3.0,10,27,28,37,51
2012-01-10,34,3.0,04,10,16,38,48
2012-01-06,46,2.0,09,17,28,34,48
2012-01-03,23,2.0,02,03,15,22,36
2011-12-30,1,4.0,04,24,45,46,52
2011-12-27,8,3.0,23,32,33,39,43
2011-12-23,14,4.0,03,05,08,18,29
2011-12-20,31,4.0,20,24,27,45,51
2011-12-16,27,3.0,02,04,26,36,39
2011-12-13,6,4.0,05,06,22,26,41
2011-12-09,44,4.0,04,12,29,49,51
2011-12-06,39,4.0,07,21,29,35,49
2011-12-02,45,4.0,24,30,48,51,56
2011-11-29,36,4.0,17,29,43,48,52
2011-11-25,43,3.0,22,28,42,49,54
2011-11-22,38,2.0,04,16,23,33,48
2011-11-18,3,4.0,04,13,33,39,55
2011-11-15,21,4.0,03,06,24,30,33
2011-11-11,27,4.0,02,16,22,29,50
2011-11-08,4,4.0,05,31,45,47,54
2011-11-04,1,4.0,26,30,32,33,44
2011-11-01,36,3.0,27,31,39,40,46
2011-10-28,41,4.0,13,31,49,52,56
2011-10-25,8,4.0,13,33,40,44,46
2011-10-21,17,3.0,06,21,35,37,38
2011-10-18,42,2.0,24,25,45,47,53
2011-10-14,26,4.0,13,35,42,45,54
2011-10-11,27,4.0,25,34,38,44,56
2011-10-07,19,4.0,05,15,19,23,38
2011-10-04,11,3.0,03,26,40,45,52
2011-09-30,29,4.0,03,19,21,44,45
2011-09-27,37,4.0,02,20,28,36,45
2011-09-23,36,4.0,27,31,32,40,52
2011-09-20,39,4.0,06,29,38,50,51
2011-09-16,24,4.0,06,23,41,45,56
2011-09-13,45,4.0,22,31,43,48,56
2011-09-09,45,4.0,07,12,19,23,31
2011-09-06,19,4.0,01,36,38,42,49
2011-09-02,20,3.0,25,44,48,49,55
2011-08-30,18,4.0,02,22,25,28,50
2011-08-26,36,3.0,02,03,27,30,47
2011-08-23,23,3.0,11,21,44,48,49
2011-08-19,22,2.0,05,15,53,54,56
2011-08-16,44,4.0,04,38,41,42,43
2011-08-12,13,4.0,09,43,51,54,55
2011-08-09,15,4.0,11,19,39,45,54
2011-08-05,19,3.0,06,24,28,33,42
2011-08-02,28,4.0,14,17,19,20,32
2011-07-29,35,4.0,08,10,22,47,48
2011-07-26,10,3.0,20,25,35,52,55
2011-07-22,38,4.0,23,31,32,39,56
2011-07-19,40,4.0,02,09,10,16,35
2011-07-15,6,3.0,16,29,30,46,56
2011-07-12,9,4.0,03,09,11,44,49
2011-07-08,45,3.0,01,02,22,37,50
2011-07-05,19,2.0,01,10,13,18,46
2011-07-01,26,4.0,12,17,30,35,47
2011-06-28,33,4.0,12,17,27,47,48
2011-06-24,4,3.0,10,14,40,49,51
2011-06-21,17,3.0,11,24,25,31,46
2011-06-17,24,4.0,12,29,46,47,51
2011-06-14,24,4.0,09,10,20,51,53
2011-06-10,7,3.0,18,21,27,37,38
2011-06-07,13,4.0,29,32,35,47,52
2011-06-03,31,3.0,20,23,41,49,53
2011-05-31,13,3.0,28,30,31,37,55
2011-05-27,10,4.0,05,07,14,28,56
2011-05-24,42,3.0,09,12,21,42,43
2011-05-20,30,4.0,10,17,19,45,48
2011-05-17,45,4.0,01,02,17,25,48
2011-05-13,9,4.0,03,33,39,47,53
2011-05-10,34,4.0,11,16,34,40,51
2011-05-06,9,3.0,06,18,26,37,41
2011-05-03,16,2.0,01,16,29,36,50
2011-04-29,29,4.0,09,10,11,33,51
2011-04-26,15,3.0,19,29,32,38,55
2011-04-22,17,3.0,03,18,46,51,53
2011-04-19,43,4.0,20,24,32,45,51
2011-04-15,29,3.0,22,23,33,39,48
2011-04-12,15,2.0,10,23,39,41,45
2011-04-08,11,3.0,06,40,45,50,56
2011-04-05,9,2.0,01,19,20,31,36
2011-04-01,19,3.0,13,14,35,36,53
2011-03-29,43,4.0,06,15,23,34,38
2011-03-25,4,4.0,22,24,31,52,54
2011-03-22,43,4.0,01,14,35,50,53
2011-03-18,37,4.0,14,33,34,54,56
2011-03-15,45,4.0,10,11,12,28,43
2011-03-11,6,2.0,14,19,21,42,45
2011-03-08,24,4.0,03,17,19,41,55
2011-03-04,7,4.0,08,10,15,23,41
2011-03-01,25,3.0,01,12,19,20,47
2011-02-25,7,4.0,04,05,17,19,50
2011-02-22,31,4.0,15,22,23,48,55
2011-02-18,42,3.0,05,06,07,30,45
2011-02-15,18,4.0,17,18,24,35,39
2011-02-11,13,2.0,08,09,17,32,34
2011-02-08,18,2.0,25,35,36,47,48
2011-02-04,6,4.0,06,20,29,48,55
2011-02-01,31,4.0,16,22,23,26,35
2011-01-28,18,4.0,14,33,48,49,50
2011-01-25,4,4.0,05,08,31,46,50
2011-01-21,20,4.0,05,09,21,35,38
2011-01-18,5,4.0,04,27,29,38,45
2011-01-14,8,,02,15,17,33,35
2011-01-11,37,,01,04,11,16,45
2011-01-07,20,,04,22,42,46,53
2011-01-04,42,,04,08,15,25,47
2010-12-31,9,,10,12,13,35,56
2010-12-28,7,,06,18,36,40,49
2010-12-24,16,,15,16,27,40,52
2010-12-21,29,,08,11,12,31,32
2010-12-17,12,,11,20,26,46,53
2010-12-14,29,,18,22,25,31,38
2010-12-10,36,,23,27,33,44,46
2010-12-07,9,,04,38,45,53,54
2010-12-03,12,,06,11,12,18,56
2010-11-30,2,,11,16,19,47,53
2010-11-26,8,,05,09,34,43,47
2010-11-23,33,,02,06,12,34,35
2010-11-19,35,,07,14,31,51,54
2010-11-16,21,,01,26,27,39,46
2010-11-12,10,,09,26,28,35,38
2010-11-09,11,,08,26,28,33,53
2010-11-05,15,,19,25,34,46,53
2010-11-02,46,,01,03,12,16,54
2010-10-29,14,,04,19,26,28,39
2010-10-26,26,,15,21,30,31,32
2010-10-22,18,,02,07,18,32,53
2010-10-19,41,,02,09,14,37,42
2010-10-15,10,,09,10,13,31,50
2010-10-12,15,,10,31,36,37,43
2010-10-08,19,,24,29,37,48,50
2010-10-05,27,,10,19,24,37,44
2010-10-01,43,,03,08,21,28,52
2010-09-28,18,,02,10,13,36,38
2010-09-24,25,,02,28,38,42,55
2010-09-21,26,,03,20,43,47,52
2010-09-17,13,,03,04,14,18,27
2010-09-14,1,,06,14,50,55,56
2010-09-10,20,,11,12,17,21,23
2010-09-07,23,,08,18,22,24,38
2010-09-03,9,,10,13,20,28,36
2010-08-31,38,,10,20,29,47,48
2010-08-27,31,,04,10,26,32,41
2010-08-24,31,,04,23,24,28,32
2010-08-20,36,,04,13,20,29,48
2010-08-17,33,,11,19,40,43,44
2010-08-13,36,,06,17,24,43,55
2010-08-10,12,,02,14,26,50,56
2010-08-06,30,,07,13,30,33,54
2010-08-03,32,,04,13,20,22,56
2010-07-30,42,,11,30,40,48,52
2010-07-27,8,,02,07,10,16,29
2010-07-23,26,,16,19,39,44,49
2010-07-20,19,,12,18,28,36,43
2010-07-16,34,,02,15,18,20,39
2010-07-13,14,,07,11,14,15,34
2010-07-09,41,,01,31,33,34,50
2010-07-06,36,,08,18,45,47,50
2010-07-02,25,,01,10,12,32,36
2010-06-29,35,,03,04,15,27,37
2010-06-25,21,,01,02,13,19,27
2010-06-22,24,,12,17,21,23,30
2010-06-18,7,,11,36,37,41,55
2010-06-15,46,,04,12,13,21,27
2010-06-11,25,,06,13,33,34,42
2010-06-08,6,,12,18,28,48,54
2010-06-04,23,,12,13,15,17,50
2010-06-01,30,,12,27,44,45,51
2010-05-28,26,,03,11,20,29,39
2010-05-25,25,,05,14,17,19,24
2010-05-21,17,,15,20,23,26,30
2010-05-18,26,,11,13,19,37,40
2010-05-14,12,,20,21,40,47,56
2010-05-11,9,,26,33,43,46,54
2010-05-07,40,,02,07,20,34,50
2010-05-04,8,,09,21,31,36,43
2010-04-30,40,,14,20,41,47,53
2010-04-27,6,,23,37,41,50,55
2010-04-23,18,,19,26,28,37,52
2010-04-20,25,,05,08,10,34,42
2010-04-16,44,,10,16,31,48,50
2010-04-13,32,,03,12,27,39,47
2010-04-09,3,,15,18,39,48,53
2010-04-06,26,,16,43,44,52,56
2010-04-02,19,,02,17,22,30,31
2010-03-30,41,,01,11,24,38,44
2010-03-26,22,,23,41,46,47,52
2010-03-23,13,,03,25,28,29,40
2010-03-19,25,,10,31,45,50,54
2010-03-16,13,,03,22,48,52,56
2010-03-12,41,,02,15,25,48,53
2010-03-09,16,,14,16,18,19,29
2010-03-05,32,,11,31,34,44,52
2010-03-02,25,,09,12,47,48,56
2010-02-26,40,,04,14,29,54,56
2010-02-23,18,,04,16,36,40,53
2010-02-19,36,,01,22,39,42,46
2010-02-16,5,,11,12,21,29,45
2010-02-12,23,,14,16,17,33,47
2010-02-09,12,,02,17,20,26,48
2010-02-05,41,,10,20,45,51,53
2010-02-02,9,,06,07,26,27,49
2010-01-29,19,,01,10,22,23,38
2010-01-26,22,,07,08,38,39,48
2010-01-22,9,,08,13,27,28,52
2010-01-19,18,,04,05,34,38,41
2010-01-15,29,,04,07,19,21,38
2010-01-12,16,,05,09,31,37,56
2010-01-08,33,,18,20,31,36,43
2010-01-05,10,,13,28,39,50,55
2010-01-01,21,,06,08,27,40,41
2009-12-29,3,,02,05,29,35,51
2009-12-22,13,,03,33,35,39,45
2009-12-18,24,,10,20,30,44,49
2009-12-15,35,,27,31,32,36,47
2009-12-11,45,,02,21,27,34,44
2009-12-08,29,,20,23,28,30,46
2009-12-04,38,,04,33,41,51,56
2009-12-01,21,,17,30,39,52,53
2009-11-27,11,,12,25,37,39,45
2009-11-24,12,,10,11,35,37,50
2009-11-20,39,,03,04,07,16,56
2009-11-17,28,,08,22,27,49,50
2009-11-13,44,,27,43,45,49,54
2009-11-10,15,,08,21,29,34,37
2009-11-06,8,,07,11,27,40,46
2009-11-03,20,,05,18,23,31,38
2009-10-30,20,,04,15,17,29,38
2009-10-27,2,,07,13,37,46,51
2009-10-23,2,,27,45,48,54,56
2009-10-20,8,,13,17,25,45,55
2009-10-16,43,,10,13,18,33,51
2009-10-13,24,,17,31,34,45,51
2009-10-09,14,,03,14,21,24,51
2009-10-06,39,,09,33,51,53,56
2009-10-02,11,,15,24,51,53,55
2009-09-29,21,,02,21,25,45,50
2009-09-25,19,,07,27,42,49,52
2009-09-22,24,,26,29,33,39,46
2009-09-18,33,,18,27,31,36,52
2009-09-15,39,,29,30,32,35,41
2009-09-11,2,,16,27,48,49,54
2009-09-08,35,,04,10,18,28,50
2009-09-04,37,,02,04,06,21,44
2009-09-01,19,,02,09,28,51,53
2009-08-28,31,,01,17,31,37,54
2009-08-25,2,,03,12,19,22,40
2009-08-21,13,,09,38,44,48,49
2009-08-18,25,,04,05,26,37,56
2009-08-14,46,,08,22,25,33,35
2009-08-11,40,,06,12,15,32,42
2009-08-07,3,,07,18,35,45,56
2009-08-04,27,,01,28,34,42,50
2009-07-31,22,,17,35,44,52,56
2009-07-28,34,,04,17,24,25,48
2009-07-24,36,,03,06,43,51,52
2009-07-21,2,,03,08,21,50,52
2009-07-17,13,,08,17,40,47,50
2009-07-14,41,,20,29,35,45,53
2009-07-10,4,,05,10,26,27,28
2009-07-07,28,,25,27,35,38,39
2009-07-03,31,,05,06,07,11,25
2009-06-30,34,,07,34,49,54,55
2009-06-26,16,,11,15,17,29,46
2009-06-23,9,,12,14,16,31,50
2009-06-19,44,,04,09,12,16,46
2009-06-16,25,,09,15,21,26,45
2009-06-12,38,,06,11,20,32,44
2009-06-09,46,,05,17,31,36,56
2009-06-05,20,,05,20,38,41,52
2009-06-02,33,,09,13,26,30,35
2009-05-29,34,,23,30,36,39,48
2009-05-26,33,,09,18,21,37,55
2009-05-22,29,,03,29,34,42,49
2009-05-19,13,,02,04,09,15,42
2009-05-15,27,,07,12,24,36,48
2009-05-12,31,,04,08,10,14,51
2009-05-08,34,,12,27,29,32,34
2009-05-05,3,,05,23,38,39,54
2009-05-01,35,,09,16,24,40,43
2009-04-28,6,,15,20,24,36,44
2009-04-24,7,,09,20,21,48,49
2009-04-21,6,,05,24,37,47,52
2009-04-17,32,,05,13,26,35,45
2009-04-14,42,,04,11,22,48,50
2009-04-10,22,,18,25,36,42,51
2009-04-07,15,,02,04,13,17,36
2009-04-03,42,,16,22,38,39,48
2009-03-31,29,,14,39,47,48,53
2009-03-27,19,,10,15,24,38,50
2009-03-24,45,,04,25,34,43,44
2009-03-20,26,,15,16,20,39,40
2009-03-17,17,,09,15,24,28,31
2009-03-13,23,,10,12,26,46,50
2009-03-10,23,,02,27,31,39,40
2009-03-06,45,,11,18,37,46,55
2009-03-03,10,,26,32,35,43,52
2009-02-27,35,,24,37,44,50,56
2009-02-24,6,,01,27,28,35,40
2009-02-20,24,,21,28,41,45,55
2009-02-17,24,,01,09,23,27,33
2009-02-13,20,,25,36,37,40,51
2009-02-10,7,,18,29,38,43,47
2009-02-06,3,,02,12,18,28,31
2009-02-03,29,,04,15,29,43,56
2009-01-30,2,,13,16,19,53,55
2009-01-27,25,,03,11,12,14,21
2009-01-23,7,,02,17,20,27,28
2009-01-20,9,,01,09,10,35,46
2009-01-16,29,,02,04,21,39,51
2009-01-13,40,,22,25,33,36,48
2009-01-09,8,,23,25,30,45,50
2009-01-06,30,,03,11,12,19,33
2009-01-02,38,,02,11,19,21,34
2008-12-30,39,,01,22,29,44,52
2008-12-26,31,,06,19,29,33,37
2008-12-23,45,,01,08,13,27,41
2008-12-19,32,,03,13,16,39,54
2008-12-16,6,,10,14,16,29,40
2008-12-12,25,,10,16,19,27,48
2008-12-09,27,,11,12,26,31,33
2008-12-05,14,,21,27,46,52,55
2008-12-02,35,,02,17,22,32,51
2008-11-28,44,,10,30,44,46,48
2008-11-25,46,,02,11,22,51,52
2008-11-21,45,,01,22,52,53,56
2008-11-18,12,,10,15,22,52,53
2008-11-14,3,,03,18,19,30,34
2008-11-11,41,,05,27,38,42,55
2008-11-07,21,,14,24,32,43,44
2008-11-04,9,,10,21,23,41,55
2008-10-31,40,,02,07,17,29,47
2008-10-28,36,,06,39,45,46,48
2008-10-24,18,,05,33,34,47,52
2008-10-21,38,,16,19,39,42,44
2008-10-17,35,,07,15,27,28,31
2008-10-14,23,,14,35,41,42,51
2008-10-10,21,,14,15,43,46,48
2008-10-07,34,,02,25,35,38,42
2008-10-03,16,,13,28,32,41,52
2008-09-30,36,,09,30,35,39,49
2008-09-26,36,,06,13,14,31,36
2008-09-23,4,,09,32,34,43,52
2008-09-19,37,,02,09,41,48,51
2008-09-16,44,,13,24,39,51,52
2008-09-12,38,,01,12,14,25,35
2008-09-09,2,,22,23,28,49,52
2008-09-05,39,,01,06,15,27,46
2008-09-02,39,,14,23,43,44,54
2008-08-29,22,,21,25,26,50,51
2008-08-26,30,,06,16,24,34,36
2008-08-22,37,,12,13,15,41,42
2008-08-19,38,,09,18,19,26,40
2008-08-15,7,,08,23,29,30,53
2008-08-12,40,,02,07,23,38,40
2008-08-08,33,,11,17,28,32,50
2008-08-05,13,,09,21,36,38,55
2008-08-01,2,,09,13,17,18,56
2008-07-29,3,,11,13,20,30,42
2008-07-25,17,,02,16,19,35,52
2008-07-22,46,,02,16,23,29,32
2008-07-18,26,,17,29,36,53,55
2008-07-15,40,,19,24,34,45,51
2008-07-11,34,,05,14,16,39,51
2008-07-08,35,,01,20,22,29,41
2008-07-04,28,,01,03,12,19,20
2008-07-01,36,,01,22,33,43,52
2008-06-27,44,,08,14,22,39,50
2008-06-24,39,,10,22,36,50,53
2008-06-20,13,,11,17,25,36,42
2008-06-17,36,,05,14,25,47,49
2008-06-13,36,,08,09,14,38,44
2008-06-10,11,,03,05,15,43,51
2008-06-06,27,,08,09,43,44,54
2008-06-03,5,,04,19,24,32,54
2008-05-30,32,,39,40,47,53,55
2008-05-27,17,,14,24,32,45,49
2008-05-23,4,,04,08,11,22,30
2008-05-20,32,,02,14,26,32,41
2008-05-16,26,,06,11,39,46,47
2008-05-13,15,,20,24,27,31,47
2008-05-09,22,,16,31,43,46,56
2008-05-06,26,,04,21,46,53,54
2008-05-02,26,,08,28,37,53,55
2008-04-29,26,,19,24,35,44,51
2008-04-25,41,,19,32,37,45,52
2008-04-22,9,,03,22,31,48,54
2008-04-18,29,,24,28,36,50,53
2008-04-15,30,,12,13,27,48,50
2008-04-11,7,,14,18,27,31,42
2008-04-08,38,,08,09,31,37,44
2008-04-04,17,,03,05,40,45,49
2008-04-01,25,,04,17,26,46,56
2008-03-28,10,,07,26,27,40,43
2008-03-25,12,,38,42,43,48,53
2008-03-21,21,,05,08,17,19,41
2008-03-18,37,,13,15,20,25,44
2008-03-14,21,,03,12,18,25,52
2008-03-11,44,,04,13,35,41,47
2008-03-07,12,,19,32,33,41,48
2008-03-04,22,,07,15,30,33,56
2008-02-29,38,,05,17,22,26,55
2008-02-26,15,,09,12,30,36,55
2008-02-22,10,,07,12,13,19,22
2008-02-19,34,,01,38,42,55,56
2008-02-15,14,,07,11,26,30,53
2008-02-12,12,,14,27,39,47,50
2008-02-08,18,,21,30,43,46,50
2008-02-05,38,,04,05,17,40,51
2008-02-01,5,,03,14,30,44,56
2008-01-29,24,,08,23,39,40,42
2008-01-25,22,,05,12,22,38,56
2008-01-22,2,,12,15,22,25,33
2008-01-18,15,,12,22,33,43,44
2008-01-15,6,,21,30,42,44,50
2008-01-11,42,,22,36,42,45,55
2008-01-08,10,,10,29,45,52,54
2008-01-04,32,,24,31,39,40,56
2008-01-01,11,,13,16,25,30,54
2007-12-28,25,,02,19,22,28,54
2007-12-21,7,,14,19,20,43,53
2007-12-18,2,,03,23,46,48,49
2007-12-14,44,,04,07,12,17,30
2007-12-11,46,,06,25,27,30,45
2007-12-07,35,,12,18,26,28,51
2007-12-04,43,,16,27,30,45,53
2007-11-30,7,,05,06,12,26,51
2007-11-27,10,,09,10,26,29,39
2007-11-23,11,,18,21,33,42,56
2007-11-20,6,,14,20,23,42,43
2007-11-16,29,,12,13,30,31,39
2007-11-13,45,,15,26,36,39,40
2007-11-09,21,,11,33,41,42,46
2007-11-06,2,,03,17,43,46,47
2007-11-02,19,,01,03,34,49,52
2007-10-30,22,,02,08,44,46,51
2007-10-26,3,,12,20,24,38,51
2007-10-23,18,,02,07,45,52,53
2007-10-19,14,,05,15,18,23,46
2007-10-16,25,,01,02,05,41,44
2007-10-12,23,,21,26,34,44,54
2007-10-09,44,,01,10,17,32,51
2007-10-05,1,,10,19,37,40,48
2007-10-02,20,,28,37,40,43,44
2007-09-28,42,,04,13,20,25,33
2007-09-25,16,,02,19,23,47,54
2007-09-21,43,,05,21,23,33,45
2007-09-18,8,,20,24,31,34,49
2007-09-14,27,,05,09,12,33,40
2007-09-11,6,,09,10,17,21,35
2007-09-07,3,,14,19,27,34,48
2007-09-04,38,,03,06,11,42,46
2007-08-31,11,,08,18,22,40,44
2007-08-28,44,,37,40,48,53,56
2007-08-24,5,,04,21,46,51,53
2007-08-21,2,,08,38,54,55,56
2007-08-17,12,,02,08,33,38,53
2007-08-14,17,,05,08,09,24,34
2007-08-10,39,,10,20,32,33,54
2007-08-07,9,,36,41,50,55,56
2007-08-03,40,,16,29,42,46,51
2007-07-31,42,,05,18,37,39,43
2007-07-27,2,,07,12,35,54,55
2007-07-24,17,,08,17,20,23,50
2007-07-20,26,,06,13,30,41,52
2007-07-17,5,,16,30,38,46,51
2007-07-13,21,,07,39,41,48,53
2007-07-10,19,,19,24,30,34,56
2007-07-06,37,,03,09,12,25,47
2007-07-03,35,,21,35,37,39,40
2007-06-29,7,,01,17,40,51,52
2007-06-26,21,,04,10,20,29,45
2007-06-22,23,,11,14,21,24,31
2007-06-19,19,,05,16,31,49,54
2007-06-15,21,,01,05,16,26,30
2007-06-12,21,,03,13,19,31,50
2007-06-08,31,,06,26,29,31,39
2007-06-05,15,,27,35,38,49,56
2007-06-01,9,,12,19,29,32,48
2007-05-29,7,,02,24,44,51,54
2007-05-25,1,,10,14,22,42,43
2007-05-22,35,,02,07,11,22,36
2007-05-18,5,,13,23,24,30,44
2007-05-15,42,,06,13,42,46,56
2007-05-11,25,,28,30,33,48,54
2007-05-08,36,,16,24,41,43,54
2007-05-04,34,,04,09,20,45,55
2007-05-01,42,,11,16,31,52,53
2007-04-27,15,,05,07,26,38,56
2007-04-24,14,,08,10,35,36,43
2007-04-20,40,,01,09,10,23,53
2007-04-17,37,,01,04,11,31,47
2007-04-13,33,,11,14,21,25,26
2007-04-10,10,,07,15,16,19,28
2007-04-06,6,,24,32,34,36,39
2007-04-03,38,,16,26,33,34,46
2007-03-30,22,,15,23,37,48,53
2007-03-27,6,,18,25,34,35,42
2007-03-23,36,,18,21,35,51,53
2007-03-20,15,,07,21,46,49,55
2007-03-16,9,,17,25,36,40,43
2007-03-13,35,,07,11,16,38,49
2007-03-09,30,,10,13,25,42,43
2007-03-06,20,,16,22,29,39,42
2007-03-02,43,,14,21,33,35,51
2007-02-27,18,,18,31,44,45,48
2007-02-23,43,,03,18,21,38,50
2007-02-20,11,,01,09,26,46,51
2007-02-16,41,,17,35,40,46,48
2007-02-13,41,,03,09,24,29,41
2007-02-09,41,,32,39,46,48,49
2007-02-06,38,,16,21,35,36,46
2007-02-02,15,,22,33,35,40,53
2007-01-30,25,,14,18,44,52,56
2007-01-26,14,,16,17,36,49,54
2007-01-23,35,,03,05,15,26,53
2007-01-19,17,,04,28,30,31,35
2007-01-16,10,,04,08,15,33,52
2007-01-12,22,,12,14,26,40,42
2007-01-09,13,,07,11,26,38,54
2007-01-05,6,,02,12,44,46,51
2007-01-02,1,,09,10,38,51,53
2006-12-29,29,,03,04,10,39,50
2006-12-26,3,,07,12,25,44,53
2006-12-22,43,,05,12,15,25,34
2006-12-19,7,,09,32,37,42,48
2006-12-15,39,,06,07,17,28,40
2006-12-12,23,,20,30,31,35,49
2006-12-08,8,,01,15,29,32,45
2006-12-05,45,,06,09,13,43,46
2006-12-01,35,,16,22,23,37,53
2006-11-28,7,,07,14,24,41,56
2006-11-24,35,,14,35,40,47,48
2006-11-21,9,,07,13,20,42,47
2006-11-17,42,,05,19,25,30,50
2006-11-14,23,,09,20,24,25,36
2006-11-10,28,,11,42,52,53,55
2006-11-07,42,,13,22,33,51,52
2006-11-03,22,,08,10,22,25,55
2006-10-31,21,,05,34,40,45,46
2006-10-27,31,,15,22,26,30,32
2006-10-24,35,,05,25,41,48,51
2006-10-20,34,,09,13,23,29,54
2006-10-17,37,,06,18,20,28,38
2006-10-13,8,,24,27,42,47,50
2006-10-10,2,,14,30,35,40,43
2006-10-06,18,,01,11,20,21,46
2006-10-03,39,,06,19,32,33,40
2006-09-29,40,,03,25,43,45,55
2006-09-26,30,,03,06,38,42,45
2006-09-22,16,,07,12,17,22,43
2006-09-19,43,,02,19,44,45,56
2006-09-15,1,,06,26,33,39,55
2006-09-12,42,,03,16,25,30,44
2006-09-08,2,,09,17,34,52,53
2006-09-05,4,,01,32,36,42,53
2006-09-01,12,,05,06,51,53,55
2006-08-29,4,,15,25,37,38,52
2006-08-25,33,,17,24,35,46,54
2006-08-22,16,,03,04,05,07,36
2006-08-18,10,,05,12,13,46,50
2006-08-15,16,,10,12,22,44,48
2006-08-11,29,,14,16,38,40,49
2006-08-08,30,,01,05,13,18,33
2006-08-04,44,,02,24,31,50,55
2006-08-01,14,,14,29,32,43,49
2006-07-28,4,,02,13,23,32,35
2006-07-25,10,,07,21,24,41,51
2006-07-21,24,,18,26,35,36,43
2006-07-18,20,,12,13,29,49,52
2006-07-14,39,,13,25,26,28,56
2006-07-11,42,,05,14,34,36,52
2006-07-07,39,,07,15,27,46,56
2006-07-04,41,,09,15,31,42,45
2006-06-30,27,,20,40,46,48,54
2006-06-27,32,,02,14,20,29,44
2006-06-23,24,,13,17,24,34,56
2006-06-20,12,,11,21,37,53,54
2006-06-16,13,,27,30,36,38,45
2006-06-13,29,,01,20,23,24,33
2006-06-09,37,,08,17,18,26,47
2006-06-06,9,,05,29,35,52,53
2006-06-02,41,,03,10,18,36,38
2006-05-30,36,,02,13,28,34,45
2006-05-26,24,,12,14,20,47,48
2006-05-23,1,,17,21,28,48,54
2006-05-19,1,,05,12,31,51,56
2006-05-16,15,,07,24,40,48,50
2006-05-12,45,,06,36,39,45,52
2006-05-09,22,,07,15,24,43,44
2006-05-05,10,,08,20,39,53,55
2006-05-02,33,,07,11,22,27,31
2006-04-28,12,,16,29,32,36,55
2006-04-25,9,,01,20,32,37,39
2006-04-21,4,,02,04,07,27,41
2006-04-18,6,,13,14,25,34,50
2006-04-14,10,,08,10,18,29,33
2006-04-11,20,,02,12,45,46,56
2006-04-07,37,,01,18,31,46,52
2006-04-04,7,,09,25,48,51,56
2006-03-31,15,,04,07,19,50,52
2006-03-28,14,,14,18,35,39,49
2006-03-24,19,,01,02,17,47,49
2006-03-21,8,,04,16,17,28,31
2006-03-17,5,,08,11,23,48,52
2006-03-14,22,,27,28,30,42,50
2006-03-10,31,,04,17,18,51,54
2006-03-07,32,,15,27,36,38,42
2006-03-03,4,,25,29,38,39,46
2006-02-28,22,,02,04,35,36,48
2006-02-24,27,,03,05,12,16,34
2006-02-21,36,,14,23,27,36,45
2006-02-17,28,,16,25,31,43,46
2006-02-14,33,,27,36,43,49,54
2006-02-10,2,,24,39,40,43,46
2006-02-07,26,,02,16,25,30,48
2006-02-03,42,,29,31,32,41,52
2006-01-31,44,,01,35,53,54,56
2006-01-27,46,,02,07,08,18,29
2006-01-24,4,,31,34,36,51,55
2006-01-20,46,,18,22,28,44,53
2006-01-17,44,,24,32,37,39,40
2006-01-13,36,,05,21,27,44,53
2006-01-10,30,,07,27,32,37,38
2006-01-06,12,,08,11,28,37,53
2006-01-03,21,,15,19,20,32,38
2005-12-30,37,,14,20,25,40,44
2005-12-27,23,,11,24,27,49,55
2005-12-23,8,,10,37,39,49,54
2005-12-20,36,,06,20,23,40,56
2005-12-16,17,,14,25,26,31,56
2005-12-13,4,,09,10,12,22,41
2005-12-09,20,,14,15,31,32,43
2005-12-06,16,,06,10,26,30,33
2005-12-02,45,,03,12,21,38,44
2005-11-29,5,,07,08,47,51,52
2005-11-25,41,,05,25,31,33,34
2005-11-22,30,,09,22,37,41,43
2005-11-18,11,,08,18,21,42,46
2005-11-15,7,,02,04,05,40,48
2005-11-11,40,,09,14,34,50,51
2005-11-08,16,,08,16,21,25,27
2005-11-04,38,,07,09,41,53,54
2005-11-01,20,,05,18,21,28,36
2005-10-28,1,,08,17,25,28,53
2005-10-25,30,,07,12,18,31,55
2005-10-21,42,,11,17,28,29,36
2005-10-18,15,,03,12,16,32,33
2005-10-14,44,,06,20,24,25,34
2005-10-11,20,,24,30,42,53,54
2005-10-07,37,,02,04,23,27,36
2005-10-04,41,,12,24,28,29,36
2005-09-30,10,,01,03,14,30,52
2005-09-27,5,,14,17,26,27,28
2005-09-23,38,,06,07,20,41,51
2005-09-20,45,,35,36,40,42,52
2005-09-16,1,,05,16,41,46,50
2005-09-13,30,,13,24,44,48,52
2005-09-09,11,,15,28,43,51,52
2005-09-06,40,,01,08,27,31,50
2005-09-02,33,,01,04,14,45,53
2005-08-30,29,,19,32,42,49,56
2005-08-26,35,,05,20,38,47,54
2005-08-23,12,,06,07,08,13,40
2005-08-19,36,,02,13,18,36,46
2005-08-16,3,,09,15,20,24,55
2005-08-12,21,,08,37,38,45,54
2005-08-09,5,,13,35,36,43,52
2005-08-05,4,,03,05,48,50,53
2005-08-02,46,,17,22,39,50,52
2005-07-29,22,,04,16,23,25,40
2005-07-26,8,,01,10,18,29,55
2005-07-22,34,,07,18,27,35,54
2005-07-19,11,,07,13,48,51,54
2005-07-15,2,,09,13,25,36,48
2005-07-12,36,,05,17,32,39,53
2005-07-08,3,,09,23,45,48,50
2005-07-05,29,,22,38,48,50,55
2005-07-01,40,,14,25,41,42,50
2005-06-28,4,,02,20,37,43,46
2005-06-24,7,,14,43,44,50,56
2005-06-21,30,,09,13,40,46,50
2005-06-17,34,,16,35,40,49,50
2005-06-14,36,,01,10,29,48,49
2005-06-10,34,,14,29,31,37,50
2005-06-07,25,,07,14,28,46,47
2005-06-03,42,,04,06,14,28,47
2005-05-31,11,,05,13,22,37,38
2005-05-27,24,,07,17,22,34,50
2005-05-24,24,,09,28,39,40,45
2005-05-20,9,,03,06,27,40,44
2005-05-17,17,,07,09,10,29,44
2005-05-13,8,,21,23,27,33,39
2005-05-10,40,,11,25,38,40,42
2005-05-06,19,,07,12,25,50,51
2005-05-03,47,,07,17,42,46,52
2005-04-29,21,,02,05,07,28,46
2005-04-26,16,,18,22,33,34,42
2005-04-22,26,,23,25,43,46,49
2005-04-19,3,,05,06,14,42,47
2005-04-15,29,,25,26,37,39,49
2005-04-12,24,,15,20,43,47,50
2005-04-08,35,,05,13,17,33,35
2005-04-05,22,,04,19,45,51,52
2005-04-01,10,,11,19,28,32,45
2005-03-29,38,,07,17,18,30,42
2005-03-25,2,,11,18,19,45,49
2005-03-22,34,,06,11,27,37,43
2005-03-18,33,,02,09,28,29,48
2005-03-15,27,,14,26,27,34,44
2005-03-11,17,,18,19,31,35,36
2005-03-08,13,,08,14,15,22,31
2005-03-04,21,,07,10,13,35,39
2005-03-01,1,,01,08,18,39,48
2005-02-25,24,,04,13,37,38,50
2005-02-22,27,,15,18,28,41,45
2005-02-18,34,,01,19,31,35,42
2005-02-15,10,,03,16,20,21,38
2005-02-11,28,,06,14,21,24,50
2005-02-08,21,,08,11,14,23,25
2005-02-04,34,,03,12,14,30,52
2005-02-01,35,,03,17,21,42,44
2005-01-28,43,,25,31,39,47,52
2005-01-25,22,,02,10,21,25,45
2005-01-21,21,,17,27,39,40,41
2005-01-18,5,,10,23,28,39,51
2005-01-14,50,,15,19,24,40,47
2005-01-11,18,,02,23,24,35,45
2005-01-07,38,,02,08,14,15,51
2005-01-04,30,,03,06,07,12,32
2004-12-31,20,,10,14,45,47,51
2004-12-28,50,,18,29,32,38,43
2004-12-24,10,,09,20,22,41,42
2004-12-21,12,,07,22,27,31,38
2004-12-17,1,,16,34,38,42,47
2004-12-14,2,,14,27,32,34,40
2004-12-10,15,,22,23,37,42,47
2004-12-07,29,,01,19,22,32,49
2004-12-03,13,,12,32,37,41,52
2004-11-30,4,,10,20,22,28,52
2004-11-26,34,,07,09,18,37,43
2004-11-23,17,,08,30,32,35,51
2004-11-19,38,,01,12,24,36,51
2004-11-16,18,,09,10,27,28,30
2004-11-12,1,,05,31,33,35,51
2004-11-09,7,,11,20,26,28,52
2004-11-05,1,,03,29,30,41,43
2004-11-02,3,,24,32,42,49,50
2004-10-29,48,,10,18,26,31,41
2004-10-26,27,,14,25,39,43,49
2004-10-22,36,,03,07,20,24,43
2004-10-19,33,,06,13,19,34,50
2004-10-15,25,,04,08,24,30,36
2004-10-12,13,,04,18,19,39,51
2004-10-08,6,,16,17,21,33,41
2004-10-05,47,,08,34,39,48,49
2004-10-01,52,,08,10,17,24,39
2004-09-28,35,,01,18,39,42,50
2004-09-24,52,,11,26,30,49,50
2004-09-21,39,,01,03,15,19,29
2004-09-17,4,,03,16,25,38,49
2004-09-14,49,,12,35,37,38,50
2004-09-10,5,,11,17,27,45,52
2004-09-07,35,,13,30,36,38,51
2004-09-03,10,,04,14,34,38,44
2004-08-31,3,,14,15,25,42,44
2004-08-27,14,,05,25,38,46,47
2004-08-24,46,,02,05,21,47,50
2004-08-20,34,,12,17,34,37,39
2004-08-17,10,,22,23,26,28,36
2004-08-13,20,,14,31,41,45,48
2004-08-10,33,,18,25,29,31,44
2004-08-06,7,,04,23,33,38,49
2004-08-03,31,,01,02,13,16,22
2004-07-30,22,,16,19,21,34,35
2004-07-27,46,,08,10,11,13,24
2004-07-23,12,,05,12,25,35,37
2004-07-20,13,,06,15,21,32,44
2004-07-16,7,,03,21,22,35,44
2004-07-13,38,,13,31,37,39,52
2004-07-09,16,,11,23,25,29,45
2004-07-06,19,,06,07,08,31,48
2004-07-02,12,,10,25,38,39,50
2004-06-29,1,,10,13,19,28,38
2004-06-25,32,,18,19,29,32,42
2004-06-22,19,,09,10,17,41,52
2004-06-18,23,,07,10,11,15,51
2004-06-15,24,,18,23,27,29,44
2004-06-11,36,,12,28,36,39,52
2004-06-08,43,,17,24,29,37,45
2004-06-04,46,,04,16,18,41,47
2004-06-01,15,,07,16,17,26,48
2004-05-28,33,,13,27,36,39,51
2004-05-25,43,,05,18,34,36,39
2004-05-21,31,,04,20,27,38,49
2004-05-18,45,,02,36,44,46,51
2004-05-14,6,,10,19,32,36,46
2004-05-11,30,,09,25,30,34,37
2004-05-07,17,,14,17,19,44,50
2004-05-04,40,,03,15,29,37,39
2004-04-30,34,,15,21,32,39,50
2004-04-27,45,,01,10,17,23,35
2004-04-23,27,,08,22,25,47,48
2004-04-20,49,,12,22,37,46,48
2004-04-16,41,,06,24,29,42,51
2004-04-13,34,,13,36,39,50,51
2004-04-09,40,,02,08,10,11,23
2004-04-06,49,,08,17,29,32,39
2004-04-02,13,,08,17,25,46,47
2004-03-30,33,,03,27,31,41,45
2004-03-26,20,,08,10,17,37,49
2004-03-23,32,,12,22,35,39,46
2004-03-19,4,,06,09,14,32,50
2004-03-16,52,,03,28,45,49,51
2004-03-12,11,,04,29,32,35,36
2004-03-09,49,,16,23,29,36,51
2004-03-05,3,,30,40,47,49,52
2004-03-02,4,,25,30,35,40,50
2004-02-27,44,,02,09,24,36,52
2004-02-24,21,,06,11,43,49,52
2004-02-20,24,,01,13,20,21,30
2004-02-17,21,,02,08,34,36,52
2004-02-13,30,,14,30,42,43,45
2004-02-10,23,,03,07,10,22,32
2004-02-06,13,,01,06,16,30,49
2004-02-03,17,,09,21,26,35,41
2004-01-30,44,,17,28,30,40,51
2004-01-27,27,,06,10,20,38,50
2004-01-23,13,,10,18,33,46,51
2004-01-20,36,,05,07,14,21,45
2004-01-16,44,,12,26,41,44,49
2004-01-13,21,,03,17,18,21,45
2004-01-09,12,,24,32,38,47,49
2004-01-06,9,,07,13,15,25,32
2004-01-02,9,,07,08,36,44,48
2003-12-30,49,,12,18,21,32,46
2003-12-26,36,,01,10,17,20,29
2003-12-23,52,,02,13,21,22,49
2003-12-19,38,,05,10,17,35,39
2003-12-16,47,,16,24,31,46,47
2003-12-12,26,,09,16,32,45,46
2003-12-09,41,,04,14,15,24,48
2003-12-05,42,,01,12,15,18,44
2003-12-02,4,,10,13,24,34,49
2003-11-28,19,,19,26,31,44,50
2003-11-25,52,,22,32,37,40,41
2003-11-21,14,,14,26,28,36,42
2003-11-18,36,,04,11,25,30,52
2003-11-14,52,,03,13,31,41,42
2003-11-11,43,,02,05,17,21,22
2003-11-07,31,,06,18,23,26,30
2003-11-04,22,,16,24,43,44,45
2003-10-31,3,,06,12,13,36,46
2003-10-28,26,,06,09,20,40,47
2003-10-24,15,,08,09,16,30,31
2003-10-21,38,,18,34,46,51,52
2003-10-17,18,,14,20,31,46,48
2003-10-14,29,,18,19,21,33,40
2003-10-10,13,,04,19,36,42,48
2003-10-07,43,,01,02,22,40,41
2003-10-03,51,,19,21,30,31,52
2003-09-30,49,,02,26,37,40,46
2003-09-26,29,,05,29,32,45,52
2003-09-23,28,,05,16,24,49,51
2003-09-19,13,,13,14,24,34,47
2003-09-16,42,,15,20,24,30,46
2003-09-12,45,,16,22,23,38,46
2003-09-09,30,,14,15,30,39,46
2003-09-05,19,,07,09,28,41,42
2003-09-02,14,,22,26,27,32,39
2003-08-29,10,,08,11,17,42,52
2003-08-26,47,,09,28,42,44,49
2003-08-22,31,,04,19,31,32,51
2003-08-19,16,,07,11,24,28,52
2003-08-15,13,,01,16,20,41,52
2003-08-12,26,,08,11,18,35,51
2003-08-08,42,,06,09,35,40,43
2003-08-05,49,,07,32,34,38,44
2003-08-01,46,,02,11,27,30,33
2003-07-29,33,,01,17,19,32,42
2003-07-25,30,,33,46,47,50,51
2003-07-22,3,,01,05,31,38,47
2003-07-18,39,,29,30,34,38,44
2003-07-15,22,,01,26,33,43,48
2003-07-11,10,,01,04,10,16,18
2003-07-08,18,,02,09,27,29,35
2003-07-04,8,,06,07,22,37,46
2003-07-01,31,,28,32,39,45,48
2003-06-27,43,,01,14,20,31,40
2003-06-24,31,,02,26,43,44,47
2003-06-20,35,,01,02,03,12,37
2003-06-17,1,,27,31,34,40,52
2003-06-13,33,,12,15,16,20,51
2003-06-10,37,,14,15,23,32,52
2003-06-06,35,,10,14,28,39,40
2003-06-03,20,,04,20,25,29,32
2003-05-30,3,,01,21,28,33,51
2003-05-27,3,,10,11,17,20,26
2003-05-23,17,,12,20,31,33,50
2003-05-20,3,,02,16,36,44,49
2003-05-16,52,,05,10,16,26,39
2003-05-13,34,,17,20,47,49,50
2003-05-09,39,,01,10,20,22,28
2003-05-06,24,,05,14,32,44,52
2003-05-02,52,,02,05,19,32,34
2003-04-29,32,,06,08,09,33,35
2003-04-25,29,,01,12,32,48,51
2003-04-22,7,,03,09,15,28,52
2003-04-18,3,,05,15,24,50,52
2003-04-15,21,,16,29,31,39,52
2003-04-11,46,,15,26,27,38,39
2003-04-08,6,,08,10,24,38,45
2003-04-04,18,,06,22,28,31,40
2003-04-01,36,,07,12,26,45,47
2003-03-28,15,,08,12,21,27,29
2003-03-25,7,,15,21,37,40,42
2003-03-21,8,,06,17,18,40,50
2003-03-18,29,,13,14,16,29,49
2003-03-14,8,,03,06,14,31,33
2003-03-11,10,,10,15,26,28,39
2003-03-07,33,,07,10,32,36,41
2003-03-04,22,,02,26,36,37,41
2003-02-28,13,,11,16,26,48,49
2003-02-25,38,,02,04,06,37,47
2003-02-21,20,,21,28,29,40,51
2003-02-18,11,,12,22,29,42,50
2003-02-14,21,,11,13,19,32,47
2003-02-11,10,,18,20,23,48,49
2003-02-07,50,,03,09,20,26,27
2003-02-04,48,,05,12,16,22,24
2003-01-31,21,,01,08,09,19,22
2003-01-28,34,,13,24,26,32,47
2003-01-24,5,,16,31,37,40,41
2003-01-21,23,,04,41,48,50,51
2003-01-17,27,,25,26,38,42,46
2003-01-14,27,,30,39,41,47,52
2003-01-10,18,,07,17,18,34,50
2003-01-07,33,,15,16,28,34,51
2003-01-03,3,,06,14,28,37,46
2002-12-31,34,,08,21,29,42,51
2002-12-27,3,,11,14,26,30,39
2002-12-24,43,,08,24,39,43,52
2002-12-20,52,,10,14,41,46,49
2002-12-17,46,,03,07,21,29,49
2002-12-13,34,,02,13,14,24,46
2002-12-10,28,,03,05,09,16,31
2002-12-06,48,,04,08,30,36,52
2002-12-03,26,,01,15,19,40,51
2002-11-29,40,,08,25,33,42,49
2002-11-26,34,,03,21,27,31,43
2002-11-22,5,,11,16,19,22,46
2002-11-19,8,,07,16,20,40,52
2002-11-15,39,,06,17,44,49,51
2002-11-12,24,,03,28,45,48,50
2002-11-08,14,,17,19,37,47,48
2002-11-05,47,,02,07,16,28,36
2002-11-01,37,,05,10,22,23,43
2002-10-29,35,,09,10,14,41,49
2002-10-25,4,,08,15,34,39,47
2002-10-22,32,,16,20,26,36,48
2002-10-18,38,,10,31,40,48,51
2002-10-15,22,,06,20,27,34,51
2002-10-11,29,,09,11,17,26,41
2002-10-08,25,,18,34,43,47,50
2002-10-04,1,,10,42,43,45,51
2002-10-01,15,,07,21,30,32,37
2002-09-27,5,,23,27,30,33,36
2002-09-24,21,,08,32,34,42,50
2002-09-20,8,,01,02,04,05,46
2002-09-17,5,,07,10,19,26,44
2002-09-13,12,,24,32,37,40,51
2002-09-10,21,,04,06,10,21,25
2002-09-06,35,,31,39,42,49,51
2002-09-03,10,,08,23,36,49,51
2002-08-30,42,,06,31,32,42,51
2002-08-27,22,,02,05,11,18,45
2002-08-23,44,,05,19,20,45,48
2002-08-20,6,,02,13,20,23,43
2002-08-16,43,,22,31,33,44,52
2002-08-13,52,,03,10,15,18,25
2002-08-09,26,,07,17,23,43,44
2002-08-06,14,,02,06,38,40,50
2002-08-02,7,,10,16,23,28,31
2002-07-30,1,,02,06,22,27,44
2002-07-26,32,,20,27,28,37,49
2002-07-23,7,,10,12,29,32,38
2002-07-19,9,,07,15,24,37,46
2002-07-16,47,,10,24,35,49,52
2002-07-12,15,,13,19,23,38,47
2002-07-09,40,,26,29,31,44,48
2002-07-05,41,,11,20,26,29,41
2002-07-02,6,,14,22,32,35,44
2002-06-28,4,,18,31,49,50,51
2002-06-25,50,,04,18,21,27,41
2002-06-21,6,,13,18,32,39,49
2002-06-18,18,,06,13,18,27,45
2002-06-14,2,,04,08,32,37,43
2002-06-11,52,,05,06,09,33,44
2002-06-07,13,,14,22,27,28,42
2002-06-04,48,,03,25,29,30,48
2002-05-31,47,,12,28,45,46,52
2002-05-28,24,,06,21,22,29,32
2002-05-24,36,,02,04,32,44,52
2002-05-21,9,,04,28,39,41,44
2002-05-17,30,,15,18,25,33,47
